country_name,country_code,year,democratie_electorale,democratie_liberale,democratie_participative,democratie_egalitaire,corruption_politique
Mexico,MEX,2015,0.643,0.433,0.399,0.329,0.724
Mexico,MEX,2016,0.643,0.434,0.399,0.328,0.724
Mexico,MEX,2017,0.638,0.44,0.407,0.333,0.682
Mexico,MEX,2018,0.675,0.452,0.428,0.372,0.652
Mexico,MEX,2019,0.684,0.428,0.42,0.396,0.607
Mexico,MEX,2020,0.664,0.406,0.405,0.365,0.592
Mexico,MEX,2021,0.624,0.371,0.399,0.331,0.507
Mexico,MEX,2022,0.584,0.33,0.408,0.316,0.546
Mexico,MEX,2023,0.548,0.302,0.388,0.295,0.529
Mexico,MEX,2024,0.496,0.246,0.342,0.276,0.581
Mexico,MEX,2025,0.469,0.221,0.337,0.265,0.574
Suriname,SUR,2015,0.757,0.633,0.477,0.56,0.229
Suriname,SUR,2016,0.754,0.622,0.476,0.558,0.246
Suriname,SUR,2017,0.748,0.626,0.47,0.55,0.268
Suriname,SUR,2018,0.748,0.609,0.471,0.545,0.273
Suriname,SUR,2019,0.741,0.583,0.464,0.543,0.273
Suriname,SUR,2020,0.754,0.628,0.48,0.54,0.2
Suriname,SUR,2021,0.761,0.639,0.494,0.563,0.195
Suriname,SUR,2022,0.781,0.655,0.509,0.574,0.195
Suriname,SUR,2023,0.764,0.633,0.494,0.563,0.168
Suriname,SUR,2024,0.767,0.634,0.5,0.576,0.14
Suriname,SUR,2025,0.781,0.626,0.509,0.6,0.172
Sweden,SWE,2015,0.915,0.881,0.657,0.85,0.008
Sweden,SWE,2016,0.914,0.88,0.657,0.844,0.008
Sweden,SWE,2017,0.914,0.88,0.654,0.835,0.008
Sweden,SWE,2018,0.908,0.875,0.653,0.832,0.008
Sweden,SWE,2019,0.899,0.866,0.646,0.821,0.009
Sweden,SWE,2020,0.901,0.868,0.647,0.824,0.008
Sweden,SWE,2021,0.9,0.866,0.646,0.823,0.008
Sweden,SWE,2022,0.892,0.861,0.639,0.813,0.009
Sweden,SWE,2023,0.883,0.849,0.631,0.803,0.009
Sweden,SWE,2024,0.881,0.846,0.629,0.794,0.009
Sweden,SWE,2025,0.889,0.853,0.635,0.802,0.009
Switzerland,CHE,2015,0.903,0.858,0.805,0.837,0.021
Switzerland,CHE,2016,0.902,0.857,0.803,0.835,0.021
Switzerland,CHE,2017,0.902,0.86,0.803,0.837,0.022
Switzerland,CHE,2018,0.902,0.86,0.803,0.837,0.022
Switzerland,CHE,2019,0.902,0.86,0.8,0.837,0.022
Switzerland,CHE,2020,0.902,0.856,0.799,0.838,0.022
Switzerland,CHE,2021,0.896,0.851,0.798,0.831,0.021
Switzerland,CHE,2022,0.893,0.848,0.795,0.829,0.02
Switzerland,CHE,2023,0.884,0.838,0.785,0.815,0.023
Switzerland,CHE,2024,0.882,0.843,0.785,0.82,0.023
Switzerland,CHE,2025,0.882,0.843,0.785,0.82,0.02
Ghana,GHA,2015,0.739,0.631,0.368,0.537,0.608
Ghana,GHA,2016,0.725,0.61,0.363,0.525,0.615
Ghana,GHA,2017,0.739,0.628,0.381,0.526,0.614
Ghana,GHA,2018,0.735,0.623,0.378,0.529,0.621
Ghana,GHA,2019,0.718,0.606,0.352,0.514,0.614
Ghana,GHA,2020,0.718,0.604,0.349,0.515,0.626
Ghana,GHA,2021,0.659,0.554,0.322,0.467,0.606
Ghana,GHA,2022,0.663,0.559,0.32,0.471,0.633
Ghana,GHA,2023,0.657,0.555,0.319,0.472,0.633
Ghana,GHA,2024,0.665,0.56,0.318,0.459,0.638
Ghana,GHA,2025,0.711,0.606,0.361,0.493,0.615
South Africa,ZAF,2015,0.755,0.649,0.5,0.516,0.492
South Africa,ZAF,2016,0.752,0.645,0.499,0.517,0.492
South Africa,ZAF,2017,0.738,0.626,0.489,0.497,0.5
South Africa,ZAF,2018,0.747,0.64,0.495,0.488,0.503
South Africa,ZAF,2019,0.727,0.623,0.473,0.489,0.461
South Africa,ZAF,2020,0.719,0.604,0.463,0.494,0.426
South Africa,ZAF,2021,0.725,0.609,0.464,0.516,0.443
South Africa,ZAF,2022,0.718,0.61,0.459,0.51,0.469
South Africa,ZAF,2023,0.712,0.602,0.449,0.491,0.522
South Africa,ZAF,2024,0.734,0.648,0.463,0.512,0.517
South Africa,ZAF,2025,0.743,0.633,0.47,0.518,0.538
Japan,JPN,2015,0.817,0.74,0.527,0.738,0.08
Japan,JPN,2016,0.817,0.74,0.527,0.743,0.093
Japan,JPN,2017,0.821,0.744,0.536,0.743,0.093
Japan,JPN,2018,0.832,0.755,0.541,0.756,0.093
Japan,JPN,2019,0.83,0.753,0.54,0.75,0.075
Japan,JPN,2020,0.831,0.742,0.532,0.764,0.075
Japan,JPN,2021,0.824,0.736,0.532,0.751,0.045
Japan,JPN,2022,0.823,0.738,0.529,0.752,0.045
Japan,JPN,2023,0.826,0.745,0.532,0.755,0.05
Japan,JPN,2024,0.822,0.737,0.526,0.752,0.05
Japan,JPN,2025,0.819,0.734,0.526,0.758,0.05
Burma/Myanmar,MMR,2015,0.37,0.181,0.215,0.2,0.532
Burma/Myanmar,MMR,2016,0.402,0.226,0.236,0.208,0.409
Burma/Myanmar,MMR,2017,0.402,0.229,0.242,0.227,0.392
Burma/Myanmar,MMR,2018,0.397,0.232,0.244,0.231,0.312
Burma/Myanmar,MMR,2019,0.421,0.246,0.254,0.241,0.333
Burma/Myanmar,MMR,2020,0.426,0.252,0.26,0.24,0.33
Burma/Myanmar,MMR,2021,0.102,0.02,0.078,0.063,0.662
Burma/Myanmar,MMR,2022,0.087,0.016,0.048,0.059,0.813
Burma/Myanmar,MMR,2023,0.077,0.015,0.046,0.056,0.842
Burma/Myanmar,MMR,2024,0.08,0.015,0.046,0.057,0.859
Burma/Myanmar,MMR,2025,0.08,0.015,0.041,0.057,0.859
Russia,RUS,2015,0.265,0.109,0.149,0.205,0.712
Russia,RUS,2016,0.263,0.106,0.148,0.204,0.716
Russia,RUS,2017,0.261,0.107,0.148,0.204,0.722
Russia,RUS,2018,0.264,0.107,0.152,0.201,0.722
Russia,RUS,2019,0.259,0.105,0.151,0.198,0.722
Russia,RUS,2020,0.255,0.097,0.177,0.194,0.719
Russia,RUS,2021,0.245,0.094,0.153,0.188,0.701
Russia,RUS,2022,0.206,0.07,0.135,0.158,0.732
Russia,RUS,2023,0.19,0.065,0.124,0.14,0.78
Russia,RUS,2024,0.171,0.057,0.121,0.129,0.795
Russia,RUS,2025,0.17,0.056,0.124,0.13,0.783
Albania,ALB,2015,0.518,0.435,0.313,0.374,0.767
Albania,ALB,2016,0.52,0.436,0.318,0.375,0.767
Albania,ALB,2017,0.536,0.437,0.324,0.378,0.763
Albania,ALB,2018,0.524,0.432,0.316,0.374,0.745
Albania,ALB,2019,0.511,0.426,0.312,0.369,0.688
Albania,ALB,2020,0.528,0.442,0.326,0.396,0.688
Albania,ALB,2021,0.526,0.438,0.324,0.395,0.615
Albania,ALB,2022,0.517,0.428,0.317,0.385,0.563
Albania,ALB,2023,0.505,0.394,0.313,0.377,0.596
Albania,ALB,2024,0.51,0.398,0.305,0.367,0.627
Albania,ALB,2025,0.484,0.382,0.29,0.351,0.624
Egypt,EGY,2015,0.156,0.093,0.052,0.08,0.731
Egypt,EGY,2016,0.178,0.122,0.056,0.091,0.729
Egypt,EGY,2017,0.178,0.113,0.061,0.095,0.74
Egypt,EGY,2018,0.176,0.112,0.061,0.1,0.733
Egypt,EGY,2019,0.174,0.116,0.074,0.105,0.735
Egypt,EGY,2020,0.176,0.117,0.072,0.106,0.735
Egypt,EGY,2021,0.18,0.116,0.072,0.101,0.728
Egypt,EGY,2022,0.183,0.123,0.08,0.103,0.714
Egypt,EGY,2023,0.187,0.123,0.08,0.109,0.729
Egypt,EGY,2024,0.186,0.123,0.079,0.107,0.729
Egypt,EGY,2025,0.187,0.115,0.076,0.106,0.729
Yemen,YEM,2015,0.184,0.069,0.09,0.046,0.888
Yemen,YEM,2016,0.113,0.037,0.07,0.035,0.891
Yemen,YEM,2017,0.112,0.036,0.069,0.022,0.921
Yemen,YEM,2018,0.113,0.034,0.068,0.023,0.921
Yemen,YEM,2019,0.117,0.038,0.068,0.023,0.905
Yemen,YEM,2020,0.113,0.033,0.065,0.021,0.919
Yemen,YEM,2021,0.116,0.033,0.067,0.021,0.936
Yemen,YEM,2022,0.123,0.041,0.068,0.021,0.91
Yemen,YEM,2023,0.128,0.045,0.07,0.039,0.923
Yemen,YEM,2024,0.126,0.047,0.071,0.033,0.91
Yemen,YEM,2025,0.127,0.043,0.072,0.033,0.902
Colombia,COL,2015,0.681,0.551,0.461,0.42,0.389
Colombia,COL,2016,0.682,0.547,0.492,0.413,0.388
Colombia,COL,2017,0.68,0.548,0.483,0.416,0.399
Colombia,COL,2018,0.666,0.533,0.471,0.395,0.381
Colombia,COL,2019,0.651,0.511,0.46,0.378,0.382
Colombia,COL,2020,0.643,0.496,0.447,0.349,0.397
Colombia,COL,2021,0.654,0.499,0.454,0.364,0.392
Colombia,COL,2022,0.696,0.561,0.488,0.426,0.383
Colombia,COL,2023,0.711,0.57,0.494,0.439,0.387
Colombia,COL,2024,0.698,0.554,0.477,0.425,0.396
Colombia,COL,2025,0.679,0.555,0.467,0.405,0.388
Poland,POL,2015,0.876,0.775,0.616,0.786,0.074
Poland,POL,2016,0.731,0.598,0.489,0.642,0.093
Poland,POL,2017,0.698,0.542,0.459,0.607,0.096
Poland,POL,2018,0.694,0.524,0.457,0.604,0.107
Poland,POL,2019,0.682,0.505,0.449,0.595,0.107
Poland,POL,2020,0.616,0.45,0.397,0.53,0.125
Poland,POL,2021,0.587,0.424,0.368,0.506,0.139
Poland,POL,2022,0.578,0.417,0.357,0.499,0.139
Poland,POL,2023,0.598,0.457,0.373,0.52,0.13
Poland,POL,2024,0.73,0.613,0.492,0.635,0.106
Poland,POL,2025,0.768,0.645,0.519,0.671,0.081
Brazil,BRA,2015,0.861,0.769,0.615,0.608,0.506
Brazil,BRA,2016,0.781,0.653,0.519,0.495,0.535
Brazil,BRA,2017,0.774,0.641,0.507,0.482,0.535
Brazil,BRA,2018,0.749,0.608,0.484,0.446,0.535
Brazil,BRA,2019,0.691,0.528,0.436,0.395,0.546
Brazil,BRA,2020,0.699,0.534,0.445,0.397,0.537
Brazil,BRA,2021,0.69,0.531,0.437,0.394,0.541
Brazil,BRA,2022,0.699,0.54,0.449,0.4,0.545
Brazil,BRA,2023,0.79,0.695,0.549,0.557,0.461
Brazil,BRA,2024,0.799,0.712,0.55,0.569,0.438
Brazil,BRA,2025,0.784,0.704,0.528,0.54,0.423
United States of America,USA,2015,0.9,0.848,0.653,0.728,0.053
United States of America,USA,2016,0.885,0.83,0.642,0.708,0.068
United States of America,USA,2017,0.834,0.749,0.599,0.653,0.1
United States of America,USA,2018,0.824,0.739,0.589,0.635,0.097
United States of America,USA,2019,0.818,0.74,0.584,0.631,0.093
United States of America,USA,2020,0.815,0.734,0.581,0.625,0.085
United States of America,USA,2021,0.821,0.756,0.583,0.6,0.068
United States of America,USA,2022,0.833,0.769,0.594,0.606,0.061
United States of America,USA,2023,0.857,0.789,0.614,0.61,0.055
United States of America,USA,2024,0.843,0.751,0.602,0.612,0.051
United States of America,USA,2025,0.735,0.571,0.51,0.472,0.06
Portugal,PRT,2015,0.887,0.829,0.639,0.796,0.093
Portugal,PRT,2016,0.888,0.83,0.639,0.812,0.104
Portugal,PRT,2017,0.898,0.848,0.641,0.813,0.094
Portugal,PRT,2018,0.899,0.849,0.64,0.813,0.1
Portugal,PRT,2019,0.886,0.82,0.623,0.796,0.105
Portugal,PRT,2020,0.886,0.806,0.612,0.783,0.121
Portugal,PRT,2021,0.884,0.81,0.621,0.771,0.131
Portugal,PRT,2022,0.847,0.758,0.578,0.732,0.139
Portugal,PRT,2023,0.854,0.757,0.575,0.698,0.172
Portugal,PRT,2024,0.836,0.754,0.561,0.689,0.166
Portugal,PRT,2025,0.822,0.717,0.529,0.614,0.166
El Salvador,SLV,2015,0.658,0.462,0.407,0.316,0.605
El Salvador,SLV,2016,0.659,0.461,0.405,0.314,0.611
El Salvador,SLV,2017,0.672,0.465,0.416,0.323,0.629
El Salvador,SLV,2018,0.631,0.428,0.398,0.294,0.685
El Salvador,SLV,2019,0.599,0.393,0.355,0.285,0.596
El Salvador,SLV,2020,0.518,0.316,0.303,0.245,0.668
El Salvador,SLV,2021,0.403,0.156,0.233,0.191,0.713
El Salvador,SLV,2022,0.378,0.118,0.222,0.156,0.748
El Salvador,SLV,2023,0.377,0.106,0.221,0.165,0.698
El Salvador,SLV,2024,0.335,0.09,0.199,0.132,0.684
El Salvador,SLV,2025,0.321,0.09,0.159,0.125,0.682
Bangladesh,BGD,2015,0.275,0.108,0.122,0.12,0.885
Bangladesh,BGD,2016,0.269,0.106,0.12,0.118,0.888
Bangladesh,BGD,2017,0.265,0.106,0.119,0.104,0.897
Bangladesh,BGD,2018,0.252,0.097,0.108,0.095,0.899
Bangladesh,BGD,2019,0.251,0.094,0.107,0.1,0.9
Bangladesh,BGD,2020,0.255,0.094,0.107,0.095,0.895
Bangladesh,BGD,2021,0.255,0.092,0.104,0.095,0.906
Bangladesh,BGD,2022,0.261,0.091,0.109,0.099,0.919
Bangladesh,BGD,2023,0.253,0.094,0.108,0.103,0.908
Bangladesh,BGD,2024,0.225,0.097,0.106,0.114,0.922
Bangladesh,BGD,2025,0.195,0.116,0.099,0.115,0.78
Bolivia,BOL,2015,0.609,0.368,0.463,0.416,0.661
Bolivia,BOL,2016,0.62,0.375,0.462,0.414,0.662
Bolivia,BOL,2017,0.609,0.36,0.454,0.408,0.66
Bolivia,BOL,2018,0.593,0.341,0.44,0.399,0.654
Bolivia,BOL,2019,0.456,0.241,0.341,0.294,0.668
Bolivia,BOL,2020,0.275,0.209,0.243,0.199,0.655
Bolivia,BOL,2021,0.608,0.362,0.429,0.399,0.575
Bolivia,BOL,2022,0.587,0.338,0.412,0.388,0.674
Bolivia,BOL,2023,0.586,0.344,0.401,0.386,0.603
Bolivia,BOL,2024,0.577,0.31,0.389,0.38,0.654
Bolivia,BOL,2025,0.605,0.352,0.414,0.394,0.763
Haiti,HTI,2015,0.425,0.243,0.251,0.134,0.86
Haiti,HTI,2016,0.42,0.255,0.252,0.134,0.835
Haiti,HTI,2017,0.418,0.251,0.251,0.133,0.851
Haiti,HTI,2018,0.429,0.257,0.256,0.138,0.89
Haiti,HTI,2019,0.421,0.247,0.244,0.131,0.882
Haiti,HTI,2020,0.4,0.237,0.181,0.127,0.854
Haiti,HTI,2021,0.33,0.204,0.204,0.105,0.869
Haiti,HTI,2022,0.233,0.154,0.118,0.076,0.841
Haiti,HTI,2023,0.231,0.084,0.117,0.072,0.786
Haiti,HTI,2024,0.237,0.101,0.119,0.075,0.786
Haiti,HTI,2025,0.238,0.098,0.119,0.076,0.786
Honduras,HND,2015,0.426,0.245,0.276,0.163,0.856
Honduras,HND,2016,0.425,0.254,0.277,0.164,0.856
Honduras,HND,2017,0.414,0.244,0.27,0.16,0.84
Honduras,HND,2018,0.361,0.233,0.245,0.146,0.845
Honduras,HND,2019,0.368,0.229,0.25,0.144,0.842
Honduras,HND,2020,0.372,0.233,0.25,0.143,0.828
Honduras,HND,2021,0.394,0.248,0.265,0.152,0.814
Honduras,HND,2022,0.544,0.389,0.351,0.261,0.772
Honduras,HND,2023,0.539,0.398,0.333,0.269,0.75
Honduras,HND,2024,0.538,0.383,0.33,0.278,0.749
Honduras,HND,2025,0.511,0.38,0.32,0.256,0.752
Mali,MLI,2015,0.543,0.349,0.327,0.348,0.793
Mali,MLI,2016,0.543,0.349,0.327,0.35,0.793
Mali,MLI,2017,0.54,0.328,0.326,0.345,0.822
Mali,MLI,2018,0.518,0.307,0.31,0.315,0.824
Mali,MLI,2019,0.516,0.317,0.311,0.317,0.805
Mali,MLI,2020,0.421,0.254,0.259,0.269,0.811
Mali,MLI,2021,0.243,0.155,0.173,0.176,0.827
Mali,MLI,2022,0.231,0.147,0.17,0.19,0.827
Mali,MLI,2023,0.229,0.145,0.193,0.204,0.861
Mali,MLI,2024,0.192,0.141,0.169,0.196,0.718
Mali,MLI,2025,0.164,0.15,0.164,0.171,0.72
Pakistan,PAK,2015,0.441,0.264,0.272,0.148,0.883
Pakistan,PAK,2016,0.429,0.258,0.264,0.142,0.886
Pakistan,PAK,2017,0.419,0.257,0.26,0.143,0.901
Pakistan,PAK,2018,0.395,0.25,0.255,0.134,0.902
Pakistan,PAK,2019,0.368,0.233,0.24,0.122,0.905
Pakistan,PAK,2020,0.377,0.253,0.25,0.134,0.904
Pakistan,PAK,2021,0.394,0.248,0.252,0.153,0.898
Pakistan,PAK,2022,0.379,0.227,0.245,0.134,0.898
Pakistan,PAK,2023,0.334,0.205,0.226,0.117,0.913
Pakistan,PAK,2024,0.313,0.193,0.197,0.114,0.818
Pakistan,PAK,2025,0.302,0.176,0.192,0.123,0.802
Peru,PER,2015,0.817,0.688,0.584,0.508,0.524
Peru,PER,2016,0.788,0.673,0.561,0.504,0.527
Peru,PER,2017,0.789,0.677,0.554,0.503,0.522
Peru,PER,2018,0.81,0.698,0.613,0.521,0.51
Peru,PER,2019,0.801,0.694,0.588,0.514,0.526
Peru,PER,2020,0.818,0.706,0.609,0.517,0.534
Peru,PER,2021,0.771,0.66,0.553,0.481,0.525
Peru,PER,2022,0.733,0.621,0.505,0.442,0.622
Peru,PER,2023,0.7,0.572,0.477,0.414,0.576
Peru,PER,2024,0.642,0.501,0.43,0.38,0.619
Peru,PER,2025,0.667,0.506,0.448,0.388,0.63
Senegal,SEN,2015,0.726,0.586,0.434,0.543,0.315
Senegal,SEN,2016,0.726,0.578,0.449,0.542,0.309
Senegal,SEN,2017,0.701,0.556,0.452,0.531,0.346
Senegal,SEN,2018,0.688,0.536,0.441,0.509,0.352
Senegal,SEN,2019,0.697,0.543,0.45,0.512,0.365
Senegal,SEN,2020,0.728,0.563,0.463,0.541,0.373
Senegal,SEN,2021,0.714,0.558,0.452,0.537,0.371
Senegal,SEN,2022,0.686,0.536,0.437,0.519,0.377
Senegal,SEN,2023,0.625,0.474,0.401,0.457,0.304
Senegal,SEN,2024,0.605,0.461,0.387,0.443,0.404
Senegal,SEN,2025,0.633,0.484,0.402,0.46,0.404
South Sudan,SSD,2015,0.166,0.066,0.087,0.036,0.87
South Sudan,SSD,2016,0.158,0.053,0.057,0.034,0.907
South Sudan,SSD,2017,0.157,0.059,0.051,0.031,0.855
South Sudan,SSD,2018,0.153,0.053,0.052,0.029,0.88
South Sudan,SSD,2019,0.16,0.064,0.055,0.039,0.934
South Sudan,SSD,2020,0.169,0.069,0.09,0.037,0.927
South Sudan,SSD,2021,0.137,0.058,0.051,0.028,0.847
South Sudan,SSD,2022,0.13,0.063,0.049,0.032,0.853
South Sudan,SSD,2023,0.167,0.07,0.082,0.044,0.876
South Sudan,SSD,2024,0.154,0.071,0.09,0.05,0.864
South Sudan,SSD,2025,0.133,0.064,0.047,0.032,0.893
Sudan,SDN,2015,0.22,0.064,0.087,0.059,0.842
Sudan,SDN,2016,0.219,0.064,0.09,0.062,0.845
Sudan,SDN,2017,0.226,0.074,0.09,0.066,0.781
Sudan,SDN,2018,0.227,0.068,0.09,0.076,0.784
Sudan,SDN,2019,0.193,0.066,0.091,0.075,0.742
Sudan,SDN,2020,0.167,0.054,0.097,0.066,0.741
Sudan,SDN,2021,0.163,0.051,0.089,0.079,0.686
Sudan,SDN,2022,0.158,0.048,0.084,0.058,0.7
Sudan,SDN,2023,0.139,0.039,0.073,0.057,0.772
Sudan,SDN,2024,0.137,0.03,0.07,0.061,0.839
Sudan,SDN,2025,0.13,0.034,0.051,0.078,0.719
Vietnam,VNM,2015,0.148,0.115,0.167,0.2,0.506
Vietnam,VNM,2016,0.15,0.117,0.167,0.199,0.506
Vietnam,VNM,2017,0.15,0.115,0.166,0.197,0.491
Vietnam,VNM,2018,0.161,0.113,0.17,0.189,0.491
Vietnam,VNM,2019,0.211,0.117,0.187,0.201,0.496
Vietnam,VNM,2020,0.211,0.106,0.181,0.204,0.488
Vietnam,VNM,2021,0.169,0.109,0.169,0.177,0.504
Vietnam,VNM,2022,0.152,0.106,0.159,0.179,0.483
Vietnam,VNM,2023,0.148,0.111,0.164,0.181,0.498
Vietnam,VNM,2024,0.159,0.109,0.149,0.18,0.487
Vietnam,VNM,2025,0.146,0.102,0.164,0.163,0.466
Afghanistan,AFG,2015,0.348,0.201,0.142,0.199,0.904
Afghanistan,AFG,2016,0.34,0.188,0.135,0.188,0.906
Afghanistan,AFG,2017,0.334,0.183,0.126,0.184,0.898
Afghanistan,AFG,2018,0.33,0.176,0.15,0.179,0.896
Afghanistan,AFG,2019,0.329,0.162,0.119,0.175,0.898
Afghanistan,AFG,2020,0.336,0.167,0.125,0.179,0.872
Afghanistan,AFG,2021,0.144,0.041,0.031,0.055,0.665
Afghanistan,AFG,2022,0.076,0.011,0.011,0.02,0.568
Afghanistan,AFG,2023,0.073,0.015,0.01,0.021,0.619
Afghanistan,AFG,2024,0.08,0.014,0.012,0.028,0.681
Afghanistan,AFG,2025,0.069,0.018,0.051,0.016,0.769
Argentina,ARG,2015,0.765,0.59,0.513,0.603,0.525
Argentina,ARG,2016,0.751,0.612,0.502,0.594,0.436
Argentina,ARG,2017,0.751,0.609,0.5,0.577,0.411
Argentina,ARG,2018,0.78,0.63,0.52,0.613,0.41
Argentina,ARG,2019,0.779,0.618,0.517,0.612,0.408
Argentina,ARG,2020,0.797,0.634,0.537,0.625,0.479
Argentina,ARG,2021,0.796,0.639,0.534,0.621,0.479
Argentina,ARG,2022,0.831,0.654,0.563,0.654,0.479
Argentina,ARG,2023,0.838,0.695,0.569,0.661,0.404
Argentina,ARG,2024,0.721,0.558,0.462,0.544,0.39
Argentina,ARG,2025,0.69,0.524,0.429,0.5,0.415
Ethiopia,ETH,2015,0.228,0.102,0.094,0.149,0.566
Ethiopia,ETH,2016,0.226,0.099,0.091,0.15,0.566
Ethiopia,ETH,2017,0.228,0.098,0.093,0.156,0.554
Ethiopia,ETH,2018,0.271,0.131,0.108,0.189,0.553
Ethiopia,ETH,2019,0.329,0.158,0.164,0.22,0.553
Ethiopia,ETH,2020,0.32,0.152,0.161,0.214,0.552
Ethiopia,ETH,2021,0.29,0.136,0.159,0.199,0.563
Ethiopia,ETH,2022,0.3,0.134,0.165,0.188,0.561
Ethiopia,ETH,2023,0.279,0.106,0.152,0.187,0.565
Ethiopia,ETH,2024,0.26,0.093,0.131,0.163,0.52
Ethiopia,ETH,2025,0.257,0.1,0.128,0.161,0.529
India,IND,2015,0.543,0.417,0.33,0.318,0.616
India,IND,2016,0.524,0.406,0.319,0.311,0.616
India,IND,2017,0.488,0.371,0.298,0.287,0.619
India,IND,2018,0.482,0.363,0.296,0.277,0.625
India,IND,2019,0.43,0.324,0.269,0.224,0.625
India,IND,2020,0.39,0.292,0.252,0.221,0.663
India,IND,2021,0.398,0.307,0.255,0.234,0.687
India,IND,2022,0.384,0.291,0.253,0.219,0.694
India,IND,2023,0.374,0.273,0.236,0.205,0.686
India,IND,2024,0.381,0.281,0.246,0.201,0.681
India,IND,2025,0.377,0.26,0.246,0.201,0.684
Kenya,KEN,2015,0.539,0.426,0.376,0.333,0.604
Kenya,KEN,2016,0.534,0.421,0.37,0.332,0.598
Kenya,KEN,2017,0.512,0.408,0.359,0.322,0.601
Kenya,KEN,2018,0.496,0.394,0.343,0.321,0.601
Kenya,KEN,2019,0.501,0.402,0.34,0.327,0.585
Kenya,KEN,2020,0.503,0.404,0.348,0.321,0.616
Kenya,KEN,2021,0.507,0.423,0.341,0.33,0.531
Kenya,KEN,2022,0.55,0.45,0.37,0.373,0.545
Kenya,KEN,2023,0.57,0.463,0.375,0.37,0.528
Kenya,KEN,2024,0.557,0.437,0.358,0.343,0.556
Kenya,KEN,2025,0.563,0.446,0.335,0.347,0.564
North Korea,PRK,2015,0.085,0.014,0.043,0.088,0.677
North Korea,PRK,2016,0.085,0.014,0.043,0.088,0.677
North Korea,PRK,2017,0.085,0.014,0.043,0.091,0.677
North Korea,PRK,2018,0.085,0.014,0.043,0.089,0.677
North Korea,PRK,2019,0.083,0.014,0.043,0.09,0.659
North Korea,PRK,2020,0.083,0.014,0.043,0.088,0.653
North Korea,PRK,2021,0.083,0.014,0.044,0.088,0.653
North Korea,PRK,2022,0.083,0.014,0.044,0.087,0.653
North Korea,PRK,2023,0.083,0.014,0.044,0.091,0.67
North Korea,PRK,2024,0.084,0.014,0.044,0.09,0.67
North Korea,PRK,2025,0.083,0.014,0.044,0.093,0.67
South Korea,KOR,2015,0.705,0.599,0.462,0.597,0.233
South Korea,KOR,2016,0.718,0.62,0.469,0.608,0.233
South Korea,KOR,2017,0.852,0.791,0.593,0.735,0.134
South Korea,KOR,2018,0.857,0.794,0.597,0.743,0.129
South Korea,KOR,2019,0.842,0.777,0.569,0.732,0.113
South Korea,KOR,2020,0.85,0.782,0.584,0.74,0.113
South Korea,KOR,2021,0.852,0.775,0.585,0.742,0.16
South Korea,KOR,2022,0.802,0.718,0.537,0.696,0.124
South Korea,KOR,2023,0.722,0.62,0.478,0.618,0.154
South Korea,KOR,2024,0.724,0.627,0.478,0.618,0.156
South Korea,KOR,2025,0.819,0.739,0.551,0.712,0.156
Lebanon,LBN,2015,0.48,0.295,0.262,0.301,0.732
Lebanon,LBN,2016,0.479,0.296,0.274,0.305,0.756
Lebanon,LBN,2017,0.47,0.294,0.257,0.256,0.747
Lebanon,LBN,2018,0.44,0.282,0.239,0.242,0.76
Lebanon,LBN,2019,0.429,0.276,0.238,0.238,0.761
Lebanon,LBN,2020,0.436,0.274,0.246,0.223,0.763
Lebanon,LBN,2021,0.433,0.262,0.24,0.26,0.776
Lebanon,LBN,2022,0.405,0.25,0.234,0.253,0.776
Lebanon,LBN,2023,0.361,0.234,0.218,0.224,0.765
Lebanon,LBN,2024,0.347,0.226,0.194,0.216,0.842
Lebanon,LBN,2025,0.419,0.267,0.222,0.254,0.83
Nigeria,NGA,2015,0.554,0.401,0.372,0.308,0.933
Nigeria,NGA,2016,0.555,0.395,0.37,0.309,0.917
Nigeria,NGA,2017,0.556,0.393,0.374,0.309,0.915
Nigeria,NGA,2018,0.555,0.391,0.372,0.307,0.934
Nigeria,NGA,2019,0.52,0.36,0.35,0.292,0.937
Nigeria,NGA,2020,0.512,0.349,0.342,0.279,0.937
Nigeria,NGA,2021,0.488,0.331,0.327,0.274,0.939
Nigeria,NGA,2022,0.49,0.321,0.327,0.27,0.931
Nigeria,NGA,2023,0.484,0.316,0.325,0.28,0.922
Nigeria,NGA,2024,0.499,0.314,0.336,0.298,0.932
Nigeria,NGA,2025,0.505,0.311,0.323,0.317,0.834
Philippines,PHL,2015,0.522,0.409,0.361,0.27,0.713
Philippines,PHL,2016,0.485,0.346,0.331,0.24,0.744
Philippines,PHL,2017,0.469,0.321,0.317,0.223,0.751
Philippines,PHL,2018,0.45,0.295,0.306,0.214,0.751
Philippines,PHL,2019,0.428,0.28,0.3,0.192,0.763
Philippines,PHL,2020,0.405,0.27,0.276,0.171,0.788
Philippines,PHL,2021,0.411,0.271,0.28,0.175,0.788
Philippines,PHL,2022,0.411,0.277,0.279,0.178,0.819
Philippines,PHL,2023,0.416,0.288,0.282,0.179,0.819
Philippines,PHL,2024,0.411,0.301,0.274,0.175,0.837
Philippines,PHL,2025,0.392,0.291,0.261,0.169,0.841
Tanzania,TZA,2015,0.453,0.391,0.288,0.355,0.429
Tanzania,TZA,2016,0.409,0.355,0.266,0.345,0.354
Tanzania,TZA,2017,0.401,0.351,0.261,0.343,0.322
Tanzania,TZA,2018,0.385,0.331,0.259,0.323,0.304
Tanzania,TZA,2019,0.383,0.325,0.256,0.322,0.313
Tanzania,TZA,2020,0.383,0.33,0.254,0.326,0.298
Tanzania,TZA,2021,0.366,0.324,0.253,0.323,0.319
Tanzania,TZA,2022,0.397,0.347,0.258,0.344,0.269
Tanzania,TZA,2023,0.409,0.355,0.259,0.318,0.314
Tanzania,TZA,2024,0.413,0.357,0.266,0.339,0.281
Tanzania,TZA,2025,0.365,0.297,0.245,0.318,0.329
Taiwan,TWN,2015,0.806,0.686,0.601,0.709,0.316
Taiwan,TWN,2016,0.835,0.727,0.628,0.743,0.273
Taiwan,TWN,2017,0.845,0.737,0.63,0.747,0.251
Taiwan,TWN,2018,0.845,0.739,0.668,0.748,0.255
Taiwan,TWN,2019,0.834,0.725,0.646,0.743,0.279
Taiwan,TWN,2020,0.82,0.719,0.631,0.735,0.189
Taiwan,TWN,2021,0.82,0.711,0.63,0.737,0.217
Taiwan,TWN,2022,0.827,0.729,0.653,0.743,0.222
Taiwan,TWN,2023,0.823,0.725,0.642,0.738,0.244
Taiwan,TWN,2024,0.804,0.707,0.626,0.699,0.22
Taiwan,TWN,2025,0.801,0.704,0.652,0.702,0.214
Thailand,THA,2015,0.16,0.105,0.073,0.147,0.683
Thailand,THA,2016,0.16,0.105,0.082,0.141,0.683
Thailand,THA,2017,0.154,0.102,0.095,0.14,0.683
Thailand,THA,2018,0.17,0.11,0.1,0.145,0.692
Thailand,THA,2019,0.208,0.184,0.109,0.159,0.696
Thailand,THA,2020,0.201,0.187,0.108,0.157,0.681
Thailand,THA,2021,0.208,0.187,0.112,0.16,0.681
Thailand,THA,2022,0.216,0.195,0.112,0.162,0.654
Thailand,THA,2023,0.295,0.246,0.145,0.191,0.654
Thailand,THA,2024,0.41,0.306,0.193,0.237,0.635
Thailand,THA,2025,0.424,0.314,0.186,0.247,0.635
Uganda,UGA,2015,0.3,0.222,0.218,0.188,0.824
Uganda,UGA,2016,0.289,0.205,0.209,0.181,0.831
Uganda,UGA,2017,0.291,0.201,0.213,0.177,0.835
Uganda,UGA,2018,0.283,0.194,0.211,0.169,0.831
Uganda,UGA,2019,0.284,0.193,0.207,0.169,0.837
Uganda,UGA,2020,0.285,0.192,0.195,0.153,0.826
Uganda,UGA,2021,0.274,0.18,0.171,0.153,0.815
Uganda,UGA,2022,0.269,0.185,0.17,0.166,0.801
Uganda,UGA,2023,0.259,0.179,0.151,0.153,0.812
Uganda,UGA,2024,0.261,0.168,0.161,0.171,0.844
Uganda,UGA,2025,0.253,0.165,0.156,0.139,0.889
Venezuela,VEN,2015,0.3,0.103,0.209,0.21,0.94
Venezuela,VEN,2016,0.293,0.118,0.207,0.181,0.905
Venezuela,VEN,2017,0.233,0.082,0.168,0.153,0.908
Venezuela,VEN,2018,0.213,0.061,0.156,0.122,0.918
Venezuela,VEN,2019,0.209,0.06,0.157,0.124,0.955
Venezuela,VEN,2020,0.206,0.056,0.153,0.115,0.961
Venezuela,VEN,2021,0.215,0.056,0.156,0.115,0.968
Venezuela,VEN,2022,0.209,0.054,0.14,0.103,0.971
Venezuela,VEN,2023,0.206,0.053,0.155,0.1,0.969
Venezuela,VEN,2024,0.196,0.046,0.154,0.094,0.97
Venezuela,VEN,2025,0.181,0.042,0.148,0.08,0.968
Benin,BEN,2015,0.652,0.523,0.43,0.497,0.527
Benin,BEN,2016,0.712,0.579,0.481,0.555,0.39
Benin,BEN,2017,0.713,0.593,0.475,0.538,0.326
Benin,BEN,2018,0.606,0.472,0.393,0.459,0.387
Benin,BEN,2019,0.452,0.335,0.277,0.361,0.385
Benin,BEN,2020,0.408,0.284,0.245,0.329,0.19
Benin,BEN,2021,0.39,0.271,0.237,0.321,0.185
Benin,BEN,2022,0.423,0.285,0.25,0.337,0.188
Benin,BEN,2023,0.487,0.313,0.277,0.382,0.183
Benin,BEN,2024,0.491,0.323,0.279,0.385,0.191
Benin,BEN,2025,0.493,0.323,0.28,0.387,0.191
Bhutan,BTN,2015,0.568,0.479,0.354,0.47,0.097
Bhutan,BTN,2016,0.558,0.471,0.353,0.473,0.104
Bhutan,BTN,2017,0.571,0.48,0.361,0.479,0.104
Bhutan,BTN,2018,0.579,0.489,0.365,0.486,0.104
Bhutan,BTN,2019,0.598,0.517,0.377,0.504,0.104
Bhutan,BTN,2020,0.598,0.515,0.378,0.51,0.106
Bhutan,BTN,2021,0.574,0.482,0.367,0.485,0.115
Bhutan,BTN,2022,0.558,0.466,0.352,0.476,0.124
Bhutan,BTN,2023,0.532,0.447,0.338,0.458,0.124
Bhutan,BTN,2024,0.565,0.457,0.349,0.478,0.148
Bhutan,BTN,2025,0.566,0.457,0.349,0.463,0.148
Burkina Faso,BFA,2015,0.376,0.306,0.232,0.264,0.386
Burkina Faso,BFA,2016,0.683,0.504,0.409,0.434,0.392
Burkina Faso,BFA,2017,0.683,0.511,0.414,0.431,0.386
Burkina Faso,BFA,2018,0.666,0.485,0.401,0.443,0.397
Burkina Faso,BFA,2019,0.657,0.477,0.39,0.418,0.449
Burkina Faso,BFA,2020,0.662,0.486,0.397,0.423,0.449
Burkina Faso,BFA,2021,0.634,0.456,0.352,0.4,0.449
Burkina Faso,BFA,2022,0.275,0.224,0.177,0.227,0.433
Burkina Faso,BFA,2023,0.212,0.179,0.145,0.201,0.379
Burkina Faso,BFA,2024,0.154,0.126,0.12,0.158,0.384
Burkina Faso,BFA,2025,0.134,0.103,0.104,0.157,0.373
Cambodia,KHM,2015,0.291,0.115,0.114,0.114,0.871
Cambodia,KHM,2016,0.275,0.103,0.102,0.109,0.871
Cambodia,KHM,2017,0.234,0.078,0.091,0.093,0.894
Cambodia,KHM,2018,0.211,0.07,0.076,0.088,0.907
Cambodia,KHM,2019,0.194,0.066,0.073,0.091,0.91
Cambodia,KHM,2020,0.191,0.063,0.077,0.09,0.902
Cambodia,KHM,2021,0.19,0.059,0.07,0.086,0.904
Cambodia,KHM,2022,0.199,0.059,0.066,0.091,0.904
Cambodia,KHM,2023,0.189,0.052,0.064,0.084,0.904
Cambodia,KHM,2024,0.184,0.048,0.063,0.083,0.904
Cambodia,KHM,2025,0.183,0.051,0.06,0.084,0.904
Indonesia,IDN,2015,0.654,0.511,0.441,0.435,0.691
Indonesia,IDN,2016,0.639,0.496,0.43,0.424,0.698
Indonesia,IDN,2017,0.627,0.484,0.418,0.411,0.702
Indonesia,IDN,2018,0.599,0.463,0.401,0.389,0.73
Indonesia,IDN,2019,0.596,0.459,0.394,0.372,0.741
Indonesia,IDN,2020,0.566,0.411,0.376,0.308,0.762
Indonesia,IDN,2021,0.545,0.398,0.358,0.303,0.754
Indonesia,IDN,2022,0.561,0.39,0.375,0.306,0.736
Indonesia,IDN,2023,0.538,0.348,0.352,0.287,0.769
Indonesia,IDN,2024,0.496,0.332,0.323,0.3,0.767
Indonesia,IDN,2025,0.462,0.296,0.298,0.252,0.795
Mozambique,MOZ,2015,0.437,0.299,0.27,0.278,0.499
Mozambique,MOZ,2016,0.433,0.292,0.272,0.271,0.496
Mozambique,MOZ,2017,0.408,0.275,0.26,0.259,0.52
Mozambique,MOZ,2018,0.4,0.264,0.256,0.257,0.535
Mozambique,MOZ,2019,0.397,0.255,0.239,0.246,0.542
Mozambique,MOZ,2020,0.364,0.238,0.223,0.233,0.539
Mozambique,MOZ,2021,0.367,0.244,0.246,0.232,0.57
Mozambique,MOZ,2022,0.366,0.24,0.233,0.231,0.602
Mozambique,MOZ,2023,0.351,0.224,0.229,0.224,0.637
Mozambique,MOZ,2024,0.31,0.189,0.209,0.2,0.698
Mozambique,MOZ,2025,0.279,0.175,0.201,0.188,0.695
Nepal,NPL,2015,0.643,0.534,0.357,0.438,0.647
Nepal,NPL,2016,0.665,0.557,0.372,0.431,0.659
Nepal,NPL,2017,0.66,0.553,0.442,0.456,0.653
Nepal,NPL,2018,0.633,0.523,0.422,0.429,0.627
Nepal,NPL,2019,0.606,0.484,0.397,0.4,0.66
Nepal,NPL,2020,0.598,0.477,0.39,0.387,0.672
Nepal,NPL,2021,0.609,0.491,0.394,0.391,0.65
Nepal,NPL,2022,0.631,0.501,0.424,0.412,0.613
Nepal,NPL,2023,0.685,0.528,0.455,0.442,0.593
Nepal,NPL,2024,0.669,0.52,0.431,0.433,0.622
Nepal,NPL,2025,0.656,0.505,0.435,0.422,0.561
Nicaragua,NIC,2015,0.318,0.124,0.186,0.166,0.873
Nicaragua,NIC,2016,0.305,0.12,0.173,0.161,0.873
Nicaragua,NIC,2017,0.281,0.103,0.162,0.14,0.878
Nicaragua,NIC,2018,0.221,0.051,0.129,0.118,0.896
Nicaragua,NIC,2019,0.215,0.046,0.125,0.115,0.901
Nicaragua,NIC,2020,0.215,0.045,0.12,0.115,0.938
Nicaragua,NIC,2021,0.195,0.034,0.115,0.101,0.932
Nicaragua,NIC,2022,0.158,0.027,0.102,0.083,0.937
Nicaragua,NIC,2023,0.158,0.021,0.102,0.098,0.908
Nicaragua,NIC,2024,0.151,0.02,0.098,0.085,0.942
Nicaragua,NIC,2025,0.151,0.019,0.098,0.085,0.942
Niger,NER,2015,0.622,0.493,0.448,0.414,0.532
Niger,NER,2016,0.573,0.459,0.366,0.385,0.532
Niger,NER,2017,0.542,0.426,0.343,0.377,0.531
Niger,NER,2018,0.53,0.405,0.31,0.363,0.531
Niger,NER,2019,0.528,0.401,0.339,0.355,0.556
Niger,NER,2020,0.544,0.401,0.357,0.362,0.568
Niger,NER,2021,0.523,0.401,0.341,0.354,0.565
Niger,NER,2022,0.504,0.387,0.328,0.345,0.575
Niger,NER,2023,0.388,0.285,0.278,0.286,0.482
Niger,NER,2024,0.237,0.182,0.199,0.221,0.57
Niger,NER,2025,0.227,0.177,0.189,0.214,0.591
Zambia,ZMB,2015,0.458,0.371,0.298,0.294,0.294
Zambia,ZMB,2016,0.397,0.328,0.263,0.255,0.319
Zambia,ZMB,2017,0.36,0.294,0.232,0.248,0.367
Zambia,ZMB,2018,0.37,0.294,0.261,0.253,0.437
Zambia,ZMB,2019,0.358,0.301,0.256,0.231,0.537
Zambia,ZMB,2020,0.353,0.292,0.238,0.206,0.435
Zambia,ZMB,2021,0.421,0.339,0.292,0.274,0.464
Zambia,ZMB,2022,0.52,0.436,0.361,0.328,0.375
Zambia,ZMB,2023,0.525,0.427,0.366,0.339,0.32
Zambia,ZMB,2024,0.512,0.39,0.355,0.33,0.351
Zambia,ZMB,2025,0.497,0.375,0.348,0.266,0.428
Zimbabwe,ZWE,2015,0.302,0.212,0.236,0.192,0.744
Zimbabwe,ZWE,2016,0.297,0.203,0.233,0.186,0.767
Zimbabwe,ZWE,2017,0.3,0.225,0.24,0.184,0.744
Zimbabwe,ZWE,2018,0.313,0.216,0.248,0.185,0.771
Zimbabwe,ZWE,2019,0.304,0.202,0.239,0.182,0.771
Zimbabwe,ZWE,2020,0.299,0.192,0.228,0.199,0.799
Zimbabwe,ZWE,2021,0.297,0.194,0.227,0.193,0.828
Zimbabwe,ZWE,2022,0.292,0.186,0.221,0.187,0.816
Zimbabwe,ZWE,2023,0.296,0.175,0.207,0.149,0.867
Zimbabwe,ZWE,2024,0.272,0.156,0.204,0.142,0.824
Zimbabwe,ZWE,2025,0.268,0.147,0.202,0.135,0.852
Guinea,GIN,2015,0.375,0.161,0.251,0.222,0.869
Guinea,GIN,2016,0.377,0.166,0.247,0.223,0.869
Guinea,GIN,2017,0.369,0.161,0.234,0.212,0.873
Guinea,GIN,2018,0.373,0.158,0.238,0.212,0.888
Guinea,GIN,2019,0.36,0.141,0.228,0.194,0.89
Guinea,GIN,2020,0.295,0.113,0.207,0.184,0.851
Guinea,GIN,2021,0.258,0.098,0.181,0.166,0.851
Guinea,GIN,2022,0.172,0.082,0.148,0.139,0.851
Guinea,GIN,2023,0.169,0.079,0.107,0.141,0.852
Guinea,GIN,2024,0.159,0.075,0.105,0.139,0.862
Guinea,GIN,2025,0.187,0.095,0.12,0.149,0.808
Ivory Coast,CIV,2015,0.473,0.304,0.309,0.294,0.507
Ivory Coast,CIV,2016,0.529,0.335,0.351,0.327,0.507
Ivory Coast,CIV,2017,0.539,0.326,0.365,0.353,0.518
Ivory Coast,CIV,2018,0.54,0.326,0.364,0.351,0.518
Ivory Coast,CIV,2019,0.534,0.314,0.36,0.347,0.554
Ivory Coast,CIV,2020,0.499,0.261,0.339,0.289,0.595
Ivory Coast,CIV,2021,0.435,0.233,0.303,0.258,0.598
Ivory Coast,CIV,2022,0.443,0.236,0.299,0.272,0.588
Ivory Coast,CIV,2023,0.445,0.24,0.299,0.276,0.588
Ivory Coast,CIV,2024,0.429,0.248,0.288,0.269,0.599
Ivory Coast,CIV,2025,0.394,0.228,0.262,0.237,0.598
Mauritania,MRT,2015,0.431,0.178,0.175,0.179,0.859
Mauritania,MRT,2016,0.431,0.178,0.173,0.179,0.859
Mauritania,MRT,2017,0.389,0.157,0.167,0.154,0.868
Mauritania,MRT,2018,0.391,0.172,0.216,0.163,0.886
Mauritania,MRT,2019,0.407,0.186,0.255,0.173,0.788
Mauritania,MRT,2020,0.389,0.206,0.242,0.172,0.843
Mauritania,MRT,2021,0.391,0.195,0.246,0.162,0.864
Mauritania,MRT,2022,0.396,0.195,0.247,0.171,0.832
Mauritania,MRT,2023,0.368,0.183,0.233,0.163,0.852
Mauritania,MRT,2024,0.337,0.136,0.227,0.151,0.853
Mauritania,MRT,2025,0.328,0.127,0.221,0.142,0.825
Canada,CAN,2015,0.807,0.735,0.552,0.665,0.021
Canada,CAN,2016,0.834,0.762,0.575,0.698,0.021
Canada,CAN,2017,0.839,0.769,0.579,0.712,0.021
Canada,CAN,2018,0.84,0.763,0.582,0.716,0.021
Canada,CAN,2019,0.85,0.763,0.591,0.716,0.023
Canada,CAN,2020,0.849,0.745,0.59,0.718,0.03
Canada,CAN,2021,0.843,0.749,0.586,0.711,0.03
Canada,CAN,2022,0.848,0.745,0.588,0.644,0.03
Canada,CAN,2023,0.847,0.742,0.588,0.635,0.03
Canada,CAN,2024,0.841,0.744,0.583,0.63,0.03
Canada,CAN,2025,0.84,0.736,0.589,0.626,0.026
Australia,AUS,2015,0.865,0.825,0.603,0.756,0.039
Australia,AUS,2016,0.871,0.833,0.606,0.761,0.038
Australia,AUS,2017,0.871,0.828,0.636,0.761,0.031
Australia,AUS,2018,0.86,0.817,0.627,0.75,0.035
Australia,AUS,2019,0.825,0.779,0.589,0.713,0.033
Australia,AUS,2020,0.837,0.79,0.602,0.713,0.033
Australia,AUS,2021,0.828,0.779,0.595,0.702,0.033
Australia,AUS,2022,0.846,0.794,0.606,0.724,0.033
Australia,AUS,2023,0.851,0.802,0.636,0.728,0.029
Australia,AUS,2024,0.848,0.796,0.631,0.723,0.029
Australia,AUS,2025,0.844,0.793,0.648,0.726,0.029
Botswana,BWA,2015,0.69,0.587,0.438,0.485,0.149
Botswana,BWA,2016,0.685,0.582,0.434,0.481,0.149
Botswana,BWA,2017,0.675,0.568,0.407,0.48,0.129
Botswana,BWA,2018,0.672,0.573,0.414,0.48,0.145
Botswana,BWA,2019,0.656,0.56,0.391,0.468,0.129
Botswana,BWA,2020,0.589,0.484,0.36,0.438,0.092
Botswana,BWA,2021,0.587,0.477,0.393,0.421,0.159
Botswana,BWA,2022,0.573,0.459,0.372,0.395,0.277
Botswana,BWA,2023,0.564,0.444,0.317,0.408,0.242
Botswana,BWA,2024,0.595,0.47,0.331,0.432,0.242
Botswana,BWA,2025,0.665,0.52,0.369,0.48,0.204
Burundi,BDI,2015,0.196,0.063,0.167,0.126,0.891
Burundi,BDI,2016,0.166,0.046,0.14,0.112,0.948
Burundi,BDI,2017,0.157,0.045,0.135,0.11,0.948
Burundi,BDI,2018,0.157,0.044,0.145,0.099,0.948
Burundi,BDI,2019,0.159,0.055,0.144,0.111,0.928
Burundi,BDI,2020,0.168,0.049,0.08,0.104,0.894
Burundi,BDI,2021,0.181,0.067,0.072,0.113,0.772
Burundi,BDI,2022,0.189,0.077,0.067,0.106,0.725
Burundi,BDI,2023,0.186,0.056,0.065,0.104,0.79
Burundi,BDI,2024,0.178,0.062,0.104,0.087,0.827
Burundi,BDI,2025,0.185,0.06,0.142,0.096,0.845
Cape Verde,CPV,2015,0.795,0.707,0.472,0.639,0.207
Cape Verde,CPV,2016,0.8,0.713,0.472,0.637,0.207
Cape Verde,CPV,2017,0.797,0.707,0.477,0.631,0.204
Cape Verde,CPV,2018,0.783,0.701,0.468,0.623,0.211
Cape Verde,CPV,2019,0.79,0.707,0.484,0.631,0.211
Cape Verde,CPV,2020,0.793,0.701,0.487,0.628,0.267
Cape Verde,CPV,2021,0.775,0.676,0.474,0.601,0.259
Cape Verde,CPV,2022,0.754,0.651,0.459,0.577,0.259
Cape Verde,CPV,2023,0.75,0.646,0.457,0.57,0.261
Cape Verde,CPV,2024,0.752,0.642,0.457,0.568,0.261
Cape Verde,CPV,2025,0.745,0.631,0.458,0.557,0.288
Central African Republic,CAF,2015,0.284,0.179,0.13,0.176,0.832
Central African Republic,CAF,2016,0.4,0.231,0.185,0.222,0.8
Central African Republic,CAF,2017,0.396,0.231,0.176,0.184,0.778
Central African Republic,CAF,2018,0.406,0.249,0.176,0.198,0.755
Central African Republic,CAF,2019,0.379,0.214,0.156,0.186,0.695
Central African Republic,CAF,2020,0.374,0.201,0.153,0.175,0.828
Central African Republic,CAF,2021,0.343,0.176,0.143,0.165,0.815
Central African Republic,CAF,2022,0.326,0.169,0.128,0.158,0.833
Central African Republic,CAF,2023,0.301,0.102,0.135,0.127,0.825
Central African Republic,CAF,2024,0.299,0.097,0.132,0.128,0.851
Central African Republic,CAF,2025,0.293,0.102,0.13,0.114,0.854
Chile,CHL,2015,0.886,0.839,0.589,0.665,0.085
Chile,CHL,2016,0.886,0.839,0.591,0.659,0.085
Chile,CHL,2017,0.889,0.842,0.59,0.664,0.073
Chile,CHL,2018,0.87,0.803,0.573,0.64,0.055
Chile,CHL,2019,0.829,0.761,0.559,0.613,0.055
Chile,CHL,2020,0.837,0.766,0.597,0.596,0.055
Chile,CHL,2021,0.841,0.777,0.592,0.616,0.068
Chile,CHL,2022,0.833,0.776,0.591,0.608,0.064
Chile,CHL,2023,0.836,0.779,0.594,0.613,0.068
Chile,CHL,2024,0.845,0.786,0.595,0.625,0.075
Chile,CHL,2025,0.839,0.781,0.574,0.64,0.075
Costa Rica,CRI,2015,0.906,0.854,0.678,0.815,0.184
Costa Rica,CRI,2016,0.902,0.852,0.672,0.811,0.188
Costa Rica,CRI,2017,0.898,0.85,0.666,0.808,0.204
Costa Rica,CRI,2018,0.89,0.834,0.658,0.798,0.198
Costa Rica,CRI,2019,0.893,0.842,0.655,0.804,0.193
Costa Rica,CRI,2020,0.895,0.844,0.653,0.803,0.193
Costa Rica,CRI,2021,0.894,0.843,0.649,0.794,0.193
Costa Rica,CRI,2022,0.866,0.813,0.628,0.767,0.193
Costa Rica,CRI,2023,0.862,0.809,0.612,0.759,0.193
Costa Rica,CRI,2024,0.862,0.809,0.608,0.762,0.206
Costa Rica,CRI,2025,0.862,0.809,0.606,0.762,0.206
Timor-Leste,TLS,2015,0.644,0.466,0.362,0.405,0.291
Timor-Leste,TLS,2016,0.628,0.46,0.372,0.386,0.28
Timor-Leste,TLS,2017,0.671,0.489,0.402,0.42,0.349
Timor-Leste,TLS,2018,0.689,0.502,0.419,0.431,0.348
Timor-Leste,TLS,2019,0.703,0.517,0.429,0.442,0.319
Timor-Leste,TLS,2020,0.679,0.492,0.412,0.426,0.295
Timor-Leste,TLS,2021,0.693,0.501,0.415,0.435,0.254
Timor-Leste,TLS,2022,0.709,0.516,0.445,0.444,0.254
Timor-Leste,TLS,2023,0.714,0.526,0.45,0.457,0.221
Timor-Leste,TLS,2024,0.734,0.545,0.461,0.474,0.221
Timor-Leste,TLS,2025,0.736,0.549,0.462,0.473,0.25
Ecuador,ECU,2015,0.533,0.263,0.363,0.377,0.709
Ecuador,ECU,2016,0.54,0.264,0.364,0.384,0.707
Ecuador,ECU,2017,0.552,0.338,0.378,0.39,0.627
Ecuador,ECU,2018,0.641,0.458,0.443,0.416,0.638
Ecuador,ECU,2019,0.617,0.446,0.425,0.406,0.629
Ecuador,ECU,2020,0.626,0.481,0.437,0.404,0.636
Ecuador,ECU,2021,0.625,0.454,0.425,0.376,0.627
Ecuador,ECU,2022,0.661,0.504,0.46,0.379,0.628
Ecuador,ECU,2023,0.641,0.463,0.491,0.347,0.66
Ecuador,ECU,2024,0.641,0.443,0.491,0.305,0.655
Ecuador,ECU,2025,0.607,0.386,0.462,0.268,0.652
France,FRA,2015,0.883,0.812,0.629,0.801,0.053
France,FRA,2016,0.883,0.812,0.625,0.794,0.053
France,FRA,2017,0.886,0.817,0.623,0.792,0.053
France,FRA,2018,0.874,0.802,0.607,0.778,0.058
France,FRA,2019,0.866,0.793,0.605,0.764,0.061
France,FRA,2020,0.866,0.789,0.606,0.755,0.054
France,FRA,2021,0.868,0.789,0.61,0.759,0.054
France,FRA,2022,0.875,0.807,0.604,0.761,0.045
France,FRA,2023,0.871,0.807,0.605,0.727,0.045
France,FRA,2024,0.864,0.8,0.606,0.724,0.049
France,FRA,2025,0.865,0.8,0.597,0.721,0.056
Germany,DEU,2015,0.883,0.845,0.639,0.827,0.011
Germany,DEU,2016,0.888,0.848,0.643,0.83,0.012
Germany,DEU,2017,0.889,0.842,0.644,0.832,0.012
Germany,DEU,2018,0.881,0.834,0.637,0.824,0.013
Germany,DEU,2019,0.878,0.831,0.635,0.821,0.013
Germany,DEU,2020,0.87,0.821,0.629,0.801,0.016
Germany,DEU,2021,0.863,0.814,0.622,0.802,0.016
Germany,DEU,2022,0.855,0.806,0.616,0.794,0.018
Germany,DEU,2023,0.855,0.812,0.616,0.794,0.015
Germany,DEU,2024,0.825,0.778,0.59,0.762,0.024
Germany,DEU,2025,0.828,0.782,0.593,0.766,0.024
Guatemala,GTM,2015,0.587,0.425,0.345,0.249,0.761
Guatemala,GTM,2016,0.626,0.451,0.368,0.268,0.727
Guatemala,GTM,2017,0.621,0.444,0.356,0.259,0.741
Guatemala,GTM,2018,0.602,0.415,0.345,0.26,0.788
Guatemala,GTM,2019,0.597,0.415,0.345,0.246,0.777
Guatemala,GTM,2020,0.589,0.402,0.355,0.26,0.765
Guatemala,GTM,2021,0.555,0.359,0.331,0.238,0.763
Guatemala,GTM,2022,0.509,0.314,0.289,0.214,0.779
Guatemala,GTM,2023,0.506,0.338,0.284,0.228,0.789
Guatemala,GTM,2024,0.609,0.492,0.389,0.298,0.691
Guatemala,GTM,2025,0.637,0.523,0.421,0.338,0.616
Iran,IRN,2015,0.186,0.136,0.048,0.177,0.728
Iran,IRN,2016,0.186,0.137,0.049,0.174,0.722
Iran,IRN,2017,0.185,0.134,0.048,0.165,0.757
Iran,IRN,2018,0.182,0.131,0.046,0.175,0.768
Iran,IRN,2019,0.181,0.126,0.044,0.167,0.767
Iran,IRN,2020,0.165,0.119,0.041,0.159,0.778
Iran,IRN,2021,0.158,0.091,0.038,0.15,0.781
Iran,IRN,2022,0.148,0.078,0.034,0.149,0.769
Iran,IRN,2023,0.153,0.077,0.035,0.154,0.787
Iran,IRN,2024,0.166,0.088,0.042,0.152,0.783
Iran,IRN,2025,0.159,0.103,0.042,0.152,0.768
Iraq,IRQ,2015,0.396,0.236,0.259,0.21,0.872
Iraq,IRQ,2016,0.39,0.238,0.258,0.203,0.878
Iraq,IRQ,2017,0.375,0.233,0.247,0.191,0.867
Iraq,IRQ,2018,0.398,0.238,0.264,0.21,0.854
Iraq,IRQ,2019,0.393,0.226,0.267,0.193,0.877
Iraq,IRQ,2020,0.376,0.212,0.246,0.204,0.87
Iraq,IRQ,2021,0.374,0.218,0.233,0.201,0.858
Iraq,IRQ,2022,0.385,0.204,0.234,0.204,0.864
Iraq,IRQ,2023,0.371,0.208,0.233,0.211,0.84
Iraq,IRQ,2024,0.361,0.21,0.218,0.216,0.85
Iraq,IRQ,2025,0.369,0.22,0.224,0.197,0.892
Ireland,IRL,2015,0.895,0.825,0.644,0.777,0.03
Ireland,IRL,2016,0.886,0.815,0.637,0.771,0.03
Ireland,IRL,2017,0.887,0.821,0.637,0.78,0.026
Ireland,IRL,2018,0.89,0.821,0.636,0.779,0.026
Ireland,IRL,2019,0.887,0.822,0.629,0.776,0.032
Ireland,IRL,2020,0.891,0.824,0.641,0.78,0.032
Ireland,IRL,2021,0.898,0.833,0.634,0.788,0.032
Ireland,IRL,2022,0.892,0.827,0.628,0.784,0.032
Ireland,IRL,2023,0.894,0.829,0.628,0.784,0.032
Ireland,IRL,2024,0.895,0.83,0.626,0.783,0.032
Ireland,IRL,2025,0.887,0.822,0.619,0.775,0.032
Italy,ITA,2015,0.865,0.786,0.671,0.785,0.198
Italy,ITA,2016,0.869,0.791,0.689,0.793,0.194
Italy,ITA,2017,0.87,0.797,0.689,0.804,0.186
Italy,ITA,2018,0.864,0.787,0.672,0.784,0.186
Italy,ITA,2019,0.854,0.777,0.673,0.783,0.186
Italy,ITA,2020,0.857,0.774,0.68,0.768,0.164
Italy,ITA,2021,0.857,0.774,0.675,0.776,0.134
Italy,ITA,2022,0.842,0.763,0.658,0.76,0.134
Italy,ITA,2023,0.806,0.727,0.627,0.722,0.151
Italy,ITA,2024,0.784,0.687,0.605,0.693,0.182
Italy,ITA,2025,0.745,0.642,0.569,0.652,0.157
Jordan,JOR,2015,0.255,0.221,0.113,0.201,0.519
Jordan,JOR,2016,0.239,0.195,0.11,0.209,0.519
Jordan,JOR,2017,0.263,0.23,0.12,0.221,0.504
Jordan,JOR,2018,0.261,0.242,0.118,0.23,0.484
Jordan,JOR,2019,0.26,0.24,0.12,0.23,0.494
Jordan,JOR,2020,0.258,0.24,0.117,0.219,0.494
Jordan,JOR,2021,0.257,0.249,0.117,0.197,0.491
Jordan,JOR,2022,0.256,0.244,0.121,0.189,0.479
Jordan,JOR,2023,0.252,0.25,0.121,0.199,0.479
Jordan,JOR,2024,0.274,0.27,0.129,0.211,0.43
Jordan,JOR,2025,0.282,0.274,0.132,0.211,0.422
Latvia,LVA,2015,0.838,0.754,0.658,0.726,0.082
Latvia,LVA,2016,0.84,0.748,0.645,0.726,0.107
Latvia,LVA,2017,0.833,0.744,0.631,0.724,0.129
Latvia,LVA,2018,0.832,0.745,0.61,0.729,0.129
Latvia,LVA,2019,0.826,0.741,0.595,0.717,0.118
Latvia,LVA,2020,0.822,0.737,0.603,0.701,0.099
Latvia,LVA,2021,0.831,0.74,0.606,0.714,0.087
Latvia,LVA,2022,0.829,0.74,0.6,0.713,0.087
Latvia,LVA,2023,0.846,0.762,0.615,0.731,0.071
Latvia,LVA,2024,0.834,0.759,0.594,0.722,0.071
Latvia,LVA,2025,0.834,0.751,0.595,0.73,0.07
Lesotho,LSO,2015,0.597,0.445,0.36,0.485,0.559
Lesotho,LSO,2016,0.576,0.424,0.347,0.47,0.537
Lesotho,LSO,2017,0.501,0.372,0.318,0.421,0.495
Lesotho,LSO,2018,0.601,0.441,0.38,0.474,0.512
Lesotho,LSO,2019,0.621,0.488,0.384,0.477,0.469
Lesotho,LSO,2020,0.627,0.505,0.387,0.493,0.487
Lesotho,LSO,2021,0.616,0.498,0.384,0.488,0.536
Lesotho,LSO,2022,0.648,0.509,0.406,0.515,0.534
Lesotho,LSO,2023,0.667,0.521,0.412,0.508,0.555
Lesotho,LSO,2024,0.652,0.507,0.398,0.499,0.554
Lesotho,LSO,2025,0.661,0.512,0.404,0.49,0.472
Liberia,LBR,2015,0.611,0.451,0.34,0.392,0.85
Liberia,LBR,2016,0.615,0.452,0.343,0.397,0.85
Liberia,LBR,2017,0.62,0.459,0.339,0.408,0.858
Liberia,LBR,2018,0.621,0.425,0.339,0.408,0.891
Liberia,LBR,2019,0.623,0.412,0.335,0.413,0.891
Liberia,LBR,2020,0.633,0.419,0.344,0.416,0.862
Liberia,LBR,2021,0.616,0.408,0.334,0.408,0.866
Liberia,LBR,2022,0.618,0.409,0.335,0.409,0.866
Liberia,LBR,2023,0.624,0.421,0.338,0.407,0.877
Liberia,LBR,2024,0.61,0.398,0.329,0.4,0.877
Liberia,LBR,2025,0.597,0.417,0.321,0.386,0.877
Malawi,MWI,2015,0.54,0.444,0.343,0.322,0.641
Malawi,MWI,2016,0.538,0.442,0.342,0.324,0.661
Malawi,MWI,2017,0.546,0.457,0.355,0.333,0.612
Malawi,MWI,2018,0.528,0.442,0.337,0.301,0.657
Malawi,MWI,2019,0.48,0.413,0.315,0.269,0.684
Malawi,MWI,2020,0.534,0.462,0.359,0.317,0.679
Malawi,MWI,2021,0.603,0.522,0.398,0.36,0.672
Malawi,MWI,2022,0.611,0.512,0.388,0.361,0.718
Malawi,MWI,2023,0.571,0.479,0.369,0.32,0.68
Malawi,MWI,2024,0.563,0.472,0.366,0.326,0.721
Malawi,MWI,2025,0.557,0.462,0.366,0.317,0.628
Maldives,MDV,2015,0.38,0.187,0.235,0.235,0.736
Maldives,MDV,2016,0.365,0.182,0.224,0.245,0.716
Maldives,MDV,2017,0.353,0.178,0.222,0.251,0.705
Maldives,MDV,2018,0.391,0.196,0.237,0.27,0.706
Maldives,MDV,2019,0.57,0.41,0.322,0.394,0.496
Maldives,MDV,2020,0.581,0.429,0.324,0.401,0.47
Maldives,MDV,2021,0.582,0.424,0.328,0.407,0.466
Maldives,MDV,2022,0.586,0.436,0.332,0.385,0.466
Maldives,MDV,2023,0.596,0.453,0.335,0.396,0.463
Maldives,MDV,2024,0.577,0.435,0.326,0.373,0.411
Maldives,MDV,2025,0.556,0.416,0.316,0.371,0.312
Mongolia,MNG,2015,0.681,0.556,0.378,0.528,0.64
Mongolia,MNG,2016,0.671,0.548,0.368,0.519,0.641
Mongolia,MNG,2017,0.661,0.544,0.367,0.505,0.666
Mongolia,MNG,2018,0.653,0.536,0.359,0.488,0.683
Mongolia,MNG,2019,0.653,0.54,0.355,0.485,0.697
Mongolia,MNG,2020,0.629,0.523,0.33,0.463,0.677
Mongolia,MNG,2021,0.609,0.495,0.315,0.428,0.706
Mongolia,MNG,2022,0.573,0.462,0.288,0.393,0.724
Mongolia,MNG,2023,0.534,0.412,0.265,0.357,0.707
Mongolia,MNG,2024,0.498,0.385,0.249,0.352,0.687
Mongolia,MNG,2025,0.535,0.424,0.281,0.382,0.693
Morocco,MAR,2015,0.264,0.23,0.175,0.187,0.707
Morocco,MAR,2016,0.266,0.231,0.174,0.188,0.699
Morocco,MAR,2017,0.259,0.241,0.162,0.183,0.666
Morocco,MAR,2018,0.262,0.243,0.163,0.185,0.666
Morocco,MAR,2019,0.257,0.244,0.161,0.185,0.666
Morocco,MAR,2020,0.257,0.238,0.159,0.191,0.666
Morocco,MAR,2021,0.261,0.24,0.156,0.203,0.669
Morocco,MAR,2022,0.262,0.252,0.155,0.202,0.669
Morocco,MAR,2023,0.262,0.252,0.154,0.203,0.669
Morocco,MAR,2024,0.261,0.252,0.153,0.204,0.664
Morocco,MAR,2025,0.259,0.251,0.151,0.203,0.671
Netherlands,NLD,2015,0.879,0.831,0.608,0.802,0.019
Netherlands,NLD,2016,0.879,0.831,0.638,0.802,0.019
Netherlands,NLD,2017,0.878,0.833,0.634,0.809,0.019
Netherlands,NLD,2018,0.876,0.83,0.629,0.799,0.017
Netherlands,NLD,2019,0.866,0.819,0.589,0.775,0.017
Netherlands,NLD,2020,0.864,0.813,0.586,0.774,0.019
Netherlands,NLD,2021,0.864,0.812,0.587,0.782,0.019
Netherlands,NLD,2022,0.852,0.798,0.578,0.762,0.019
Netherlands,NLD,2023,0.847,0.791,0.581,0.751,0.019
Netherlands,NLD,2024,0.823,0.766,0.554,0.728,0.018
Netherlands,NLD,2025,0.832,0.774,0.553,0.739,0.027
Panama,PAN,2015,0.755,0.553,0.475,0.497,0.573
Panama,PAN,2016,0.753,0.55,0.473,0.498,0.573
Panama,PAN,2017,0.736,0.553,0.464,0.474,0.546
Panama,PAN,2018,0.732,0.539,0.442,0.459,0.509
Panama,PAN,2019,0.731,0.535,0.435,0.456,0.507
Panama,PAN,2020,0.721,0.533,0.433,0.447,0.515
Panama,PAN,2021,0.735,0.544,0.435,0.46,0.488
Panama,PAN,2022,0.725,0.559,0.423,0.455,0.488
Panama,PAN,2023,0.722,0.557,0.418,0.451,0.506
Panama,PAN,2024,0.728,0.578,0.426,0.471,0.484
Panama,PAN,2025,0.728,0.575,0.441,0.453,0.485
Papua New Guinea,PNG,2015,0.444,0.345,0.268,0.248,0.667
Papua New Guinea,PNG,2016,0.445,0.346,0.27,0.25,0.667
Papua New Guinea,PNG,2017,0.447,0.344,0.269,0.249,0.702
Papua New Guinea,PNG,2018,0.457,0.351,0.275,0.251,0.704
Papua New Guinea,PNG,2019,0.462,0.352,0.278,0.253,0.693
Papua New Guinea,PNG,2020,0.455,0.359,0.274,0.247,0.673
Papua New Guinea,PNG,2021,0.455,0.355,0.274,0.25,0.718
Papua New Guinea,PNG,2022,0.467,0.369,0.28,0.266,0.718
Papua New Guinea,PNG,2023,0.466,0.372,0.28,0.266,0.738
Papua New Guinea,PNG,2024,0.462,0.38,0.277,0.247,0.698
Papua New Guinea,PNG,2025,0.467,0.384,0.28,0.248,0.684
Qatar,QAT,2015,0.041,0.089,0.024,0.114,0.414
Qatar,QAT,2016,0.04,0.089,0.023,0.114,0.414
Qatar,QAT,2017,0.041,0.085,0.021,0.111,0.395
Qatar,QAT,2018,0.042,0.088,0.02,0.118,0.386
Qatar,QAT,2019,0.04,0.082,0.022,0.118,0.386
Qatar,QAT,2020,0.038,0.083,0.017,0.113,0.386
Qatar,QAT,2021,0.089,0.081,0.02,0.106,0.405
Qatar,QAT,2022,0.086,0.081,0.018,0.103,0.389
Qatar,QAT,2023,0.087,0.083,0.017,0.106,0.389
Qatar,QAT,2024,0.087,0.095,0.039,0.108,0.32
Qatar,QAT,2025,0.034,0.091,0.034,0.101,0.331
Sierra Leone,SLE,2015,0.514,0.318,0.34,0.3,0.839
Sierra Leone,SLE,2016,0.514,0.314,0.34,0.3,0.839
Sierra Leone,SLE,2017,0.52,0.346,0.347,0.314,0.811
Sierra Leone,SLE,2018,0.548,0.38,0.367,0.344,0.77
Sierra Leone,SLE,2019,0.554,0.392,0.37,0.351,0.763
Sierra Leone,SLE,2020,0.561,0.426,0.375,0.379,0.71
Sierra Leone,SLE,2021,0.562,0.436,0.375,0.399,0.611
Sierra Leone,SLE,2022,0.57,0.439,0.368,0.391,0.543
Sierra Leone,SLE,2023,0.512,0.391,0.332,0.353,0.554
Sierra Leone,SLE,2024,0.471,0.363,0.307,0.329,0.571
Sierra Leone,SLE,2025,0.471,0.348,0.307,0.336,0.571
Spain,ESP,2015,0.856,0.759,0.612,0.757,0.053
Spain,ESP,2016,0.847,0.766,0.603,0.75,0.062
Spain,ESP,2017,0.835,0.757,0.586,0.729,0.051
Spain,ESP,2018,0.851,0.776,0.601,0.762,0.036
Spain,ESP,2019,0.871,0.804,0.621,0.779,0.036
Spain,ESP,2020,0.874,0.786,0.624,0.788,0.033
Spain,ESP,2021,0.85,0.775,0.601,0.751,0.036
Spain,ESP,2022,0.867,0.782,0.612,0.725,0.05
Spain,ESP,2023,0.846,0.759,0.593,0.714,0.067
Spain,ESP,2024,0.826,0.743,0.574,0.694,0.098
Spain,ESP,2025,0.822,0.741,0.572,0.695,0.113
Syria,SYR,2015,0.136,0.025,0.045,0.066,0.934
Syria,SYR,2016,0.136,0.025,0.045,0.067,0.934
Syria,SYR,2017,0.137,0.025,0.044,0.07,0.934
Syria,SYR,2018,0.135,0.025,0.053,0.069,0.934
Syria,SYR,2019,0.136,0.026,0.046,0.059,0.93
Syria,SYR,2020,0.138,0.031,0.046,0.058,0.926
Syria,SYR,2021,0.136,0.033,0.044,0.058,0.924
Syria,SYR,2022,0.137,0.031,0.043,0.056,0.926
Syria,SYR,2023,0.145,0.044,0.046,0.059,0.909
Syria,SYR,2024,0.143,0.054,0.065,0.077,0.797
Syria,SYR,2025,0.128,0.054,0.058,0.126,0.619
Tunisia,TUN,2015,0.727,0.629,0.407,0.585,0.322
Tunisia,TUN,2016,0.731,0.626,0.41,0.586,0.371
Tunisia,TUN,2017,0.725,0.632,0.405,0.581,0.383
Tunisia,TUN,2018,0.728,0.633,0.49,0.584,0.379
Tunisia,TUN,2019,0.725,0.632,0.484,0.583,0.379
Tunisia,TUN,2020,0.712,0.623,0.472,0.574,0.375
Tunisia,TUN,2021,0.535,0.464,0.356,0.454,0.448
Tunisia,TUN,2022,0.283,0.196,0.212,0.295,0.417
Tunisia,TUN,2023,0.432,0.283,0.267,0.349,0.417
Tunisia,TUN,2024,0.422,0.271,0.254,0.339,0.41
Tunisia,TUN,2025,0.395,0.265,0.242,0.323,0.41
Türkiye,TUR,2015,0.388,0.23,0.264,0.292,0.78
Türkiye,TUR,2016,0.308,0.143,0.207,0.232,0.827
Türkiye,TUR,2017,0.29,0.101,0.194,0.227,0.837
Türkiye,TUR,2018,0.295,0.104,0.196,0.228,0.836
Türkiye,TUR,2019,0.289,0.107,0.192,0.22,0.847
Türkiye,TUR,2020,0.292,0.115,0.186,0.22,0.851
Türkiye,TUR,2021,0.287,0.113,0.175,0.216,0.838
Türkiye,TUR,2022,0.285,0.11,0.168,0.202,0.843
Türkiye,TUR,2023,0.285,0.108,0.166,0.193,0.841
Türkiye,TUR,2024,0.289,0.109,0.168,0.203,0.8
Türkiye,TUR,2025,0.293,0.11,0.165,0.208,0.804
Ukraine,UKR,2015,0.42,0.228,0.293,0.295,0.784
Ukraine,UKR,2016,0.433,0.24,0.289,0.296,0.764
Ukraine,UKR,2017,0.43,0.24,0.279,0.294,0.754
Ukraine,UKR,2018,0.43,0.244,0.274,0.285,0.746
Ukraine,UKR,2019,0.528,0.318,0.326,0.366,0.665
Ukraine,UKR,2020,0.552,0.325,0.349,0.383,0.688
Ukraine,UKR,2021,0.537,0.323,0.335,0.384,0.666
Ukraine,UKR,2022,0.392,0.235,0.257,0.315,0.594
Ukraine,UKR,2023,0.39,0.239,0.258,0.297,0.61
Ukraine,UKR,2024,0.387,0.23,0.257,0.29,0.633
Ukraine,UKR,2025,0.386,0.24,0.252,0.301,0.641
United Kingdom,GBR,2015,0.855,0.788,0.631,0.728,0.04
United Kingdom,GBR,2016,0.854,0.787,0.63,0.726,0.04
United Kingdom,GBR,2017,0.865,0.801,0.639,0.749,0.038
United Kingdom,GBR,2018,0.875,0.811,0.646,0.742,0.038
United Kingdom,GBR,2019,0.854,0.787,0.626,0.716,0.041
United Kingdom,GBR,2020,0.871,0.8,0.642,0.737,0.042
United Kingdom,GBR,2021,0.857,0.781,0.628,0.706,0.053
United Kingdom,GBR,2022,0.844,0.768,0.604,0.701,0.053
United Kingdom,GBR,2023,0.852,0.771,0.608,0.699,0.052
United Kingdom,GBR,2024,0.832,0.75,0.577,0.675,0.043
United Kingdom,GBR,2025,0.772,0.689,0.533,0.612,0.042
Uruguay,URY,2015,0.897,0.832,0.75,0.799,0.042
Uruguay,URY,2016,0.897,0.832,0.746,0.798,0.042
Uruguay,URY,2017,0.89,0.828,0.735,0.786,0.042
Uruguay,URY,2018,0.896,0.836,0.731,0.793,0.042
Uruguay,URY,2019,0.896,0.836,0.733,0.792,0.042
Uruguay,URY,2020,0.867,0.808,0.701,0.756,0.055
Uruguay,URY,2021,0.852,0.789,0.675,0.724,0.063
Uruguay,URY,2022,0.818,0.747,0.652,0.67,0.08
Uruguay,URY,2023,0.833,0.756,0.661,0.697,0.068
Uruguay,URY,2024,0.846,0.768,0.702,0.681,0.051
Uruguay,URY,2025,0.862,0.79,0.716,0.693,0.055
Algeria,DZA,2015,0.331,0.175,0.119,0.271,0.642
Algeria,DZA,2016,0.308,0.165,0.109,0.26,0.634
Algeria,DZA,2017,0.309,0.16,0.104,0.265,0.651
Algeria,DZA,2018,0.305,0.161,0.113,0.252,0.662
Algeria,DZA,2019,0.293,0.153,0.103,0.254,0.654
Algeria,DZA,2020,0.279,0.152,0.11,0.258,0.675
Algeria,DZA,2021,0.282,0.139,0.105,0.262,0.683
Algeria,DZA,2022,0.269,0.126,0.101,0.256,0.666
Algeria,DZA,2023,0.265,0.123,0.098,0.254,0.662
Algeria,DZA,2024,0.26,0.123,0.094,0.24,0.662
Algeria,DZA,2025,0.265,0.126,0.095,0.207,0.662
Angola,AGO,2015,0.29,0.122,0.066,0.099,0.865
Angola,AGO,2016,0.29,0.123,0.067,0.099,0.865
Angola,AGO,2017,0.307,0.139,0.072,0.111,0.724
Angola,AGO,2018,0.35,0.161,0.097,0.131,0.627
Angola,AGO,2019,0.347,0.162,0.096,0.135,0.599
Angola,AGO,2020,0.336,0.16,0.093,0.128,0.617
Angola,AGO,2021,0.325,0.151,0.081,0.121,0.575
Angola,AGO,2022,0.326,0.153,0.1,0.125,0.562
Angola,AGO,2023,0.329,0.154,0.1,0.128,0.579
Angola,AGO,2024,0.342,0.161,0.1,0.128,0.546
Angola,AGO,2025,0.344,0.163,0.103,0.129,0.57
Armenia,ARM,2015,0.346,0.203,0.19,0.282,0.847
Armenia,ARM,2016,0.348,0.204,0.219,0.284,0.847
Armenia,ARM,2017,0.381,0.219,0.247,0.3,0.813
Armenia,ARM,2018,0.524,0.404,0.341,0.439,0.344
Armenia,ARM,2019,0.796,0.62,0.557,0.677,0.291
Armenia,ARM,2020,0.781,0.576,0.507,0.641,0.3
Armenia,ARM,2021,0.724,0.532,0.456,0.603,0.311
Armenia,ARM,2022,0.654,0.448,0.407,0.554,0.319
Armenia,ARM,2023,0.631,0.421,0.334,0.509,0.372
Armenia,ARM,2024,0.625,0.412,0.321,0.508,0.372
Armenia,ARM,2025,0.614,0.371,0.319,0.491,0.472
Azerbaijan,AZE,2015,0.193,0.063,0.056,0.142,0.946
Azerbaijan,AZE,2016,0.199,0.062,0.066,0.129,0.942
Azerbaijan,AZE,2017,0.202,0.067,0.068,0.13,0.943
Azerbaijan,AZE,2018,0.192,0.058,0.057,0.124,0.939
Azerbaijan,AZE,2019,0.195,0.063,0.06,0.123,0.924
Azerbaijan,AZE,2020,0.194,0.064,0.059,0.123,0.936
Azerbaijan,AZE,2021,0.193,0.066,0.057,0.122,0.913
Azerbaijan,AZE,2022,0.185,0.062,0.054,0.109,0.913
Azerbaijan,AZE,2023,0.185,0.062,0.051,0.118,0.882
Azerbaijan,AZE,2024,0.174,0.053,0.044,0.115,0.902
Azerbaijan,AZE,2025,0.171,0.053,0.043,0.124,0.89
Belarus,BLR,2015,0.247,0.1,0.09,0.281,0.345
Belarus,BLR,2016,0.256,0.107,0.098,0.281,0.33
Belarus,BLR,2017,0.254,0.107,0.101,0.282,0.334
Belarus,BLR,2018,0.252,0.109,0.099,0.27,0.334
Belarus,BLR,2019,0.259,0.11,0.098,0.275,0.333
Belarus,BLR,2020,0.208,0.045,0.085,0.244,0.372
Belarus,BLR,2021,0.172,0.035,0.06,0.221,0.372
Belarus,BLR,2022,0.171,0.036,0.062,0.229,0.41
Belarus,BLR,2023,0.157,0.035,0.056,0.221,0.419
Belarus,BLR,2024,0.16,0.036,0.054,0.228,0.419
Belarus,BLR,2025,0.163,0.038,0.054,0.228,0.41
Cameroon,CMR,2015,0.324,0.152,0.169,0.201,0.938
Cameroon,CMR,2016,0.307,0.139,0.122,0.197,0.946
Cameroon,CMR,2017,0.298,0.131,0.109,0.197,0.932
Cameroon,CMR,2018,0.293,0.12,0.111,0.19,0.946
Cameroon,CMR,2019,0.28,0.116,0.106,0.187,0.95
Cameroon,CMR,2020,0.285,0.123,0.109,0.191,0.946
Cameroon,CMR,2021,0.282,0.121,0.109,0.187,0.93
Cameroon,CMR,2022,0.291,0.138,0.123,0.193,0.93
Cameroon,CMR,2023,0.279,0.122,0.111,0.19,0.947
Cameroon,CMR,2024,0.277,0.126,0.108,0.192,0.932
Cameroon,CMR,2025,0.26,0.114,0.093,0.178,0.939
Chad,TCD,2015,0.279,0.091,0.124,0.098,0.965
Chad,TCD,2016,0.28,0.092,0.123,0.099,0.965
Chad,TCD,2017,0.265,0.084,0.128,0.098,0.94
Chad,TCD,2018,0.267,0.079,0.127,0.098,0.938
Chad,TCD,2019,0.27,0.088,0.128,0.099,0.938
Chad,TCD,2020,0.268,0.088,0.126,0.098,0.938
Chad,TCD,2021,0.177,0.054,0.113,0.074,0.95
Chad,TCD,2022,0.145,0.041,0.09,0.068,0.957
Chad,TCD,2023,0.148,0.051,0.106,0.068,0.952
Chad,TCD,2024,0.202,0.054,0.119,0.074,0.952
Chad,TCD,2025,0.242,0.062,0.129,0.084,0.952
China,CHN,2015,0.082,0.052,0.04,0.095,0.48
China,CHN,2016,0.08,0.052,0.038,0.095,0.48
China,CHN,2017,0.078,0.052,0.04,0.098,0.481
China,CHN,2018,0.076,0.048,0.037,0.094,0.475
China,CHN,2019,0.075,0.047,0.037,0.094,0.463
China,CHN,2020,0.075,0.042,0.037,0.09,0.455
China,CHN,2021,0.077,0.044,0.037,0.091,0.467
China,CHN,2022,0.075,0.042,0.037,0.082,0.463
China,CHN,2023,0.074,0.037,0.033,0.082,0.525
China,CHN,2024,0.073,0.037,0.031,0.08,0.55
China,CHN,2025,0.072,0.039,0.036,0.078,0.554
Democratic Republic of the Congo,COD,2015,0.316,0.122,0.204,0.184,0.961
Democratic Republic of the Congo,COD,2016,0.305,0.119,0.207,0.18,0.961
Democratic Republic of the Congo,COD,2017,0.304,0.11,0.205,0.176,0.965
Democratic Republic of the Congo,COD,2018,0.306,0.117,0.205,0.181,0.966
Democratic Republic of the Congo,COD,2019,0.344,0.141,0.213,0.199,0.94
Democratic Republic of the Congo,COD,2020,0.347,0.152,0.218,0.203,0.911
Democratic Republic of the Congo,COD,2021,0.342,0.14,0.204,0.182,0.931
Democratic Republic of the Congo,COD,2022,0.336,0.15,0.198,0.169,0.952
Democratic Republic of the Congo,COD,2023,0.333,0.123,0.208,0.156,0.933
Democratic Republic of the Congo,COD,2024,0.308,0.123,0.201,0.161,0.905
Democratic Republic of the Congo,COD,2025,0.306,0.115,0.2,0.157,0.886
Republic of the Congo,COG,2015,0.249,0.102,0.132,0.103,0.835
Republic of the Congo,COG,2016,0.247,0.101,0.132,0.103,0.835
Republic of the Congo,COG,2017,0.252,0.103,0.186,0.104,0.832
Republic of the Congo,COG,2018,0.258,0.109,0.192,0.129,0.832
Republic of the Congo,COG,2019,0.25,0.1,0.187,0.133,0.832
Republic of the Congo,COG,2020,0.257,0.118,0.2,0.141,0.803
Republic of the Congo,COG,2021,0.254,0.116,0.198,0.14,0.823
Republic of the Congo,COG,2022,0.243,0.114,0.193,0.137,0.826
Republic of the Congo,COG,2023,0.253,0.121,0.198,0.139,0.826
Republic of the Congo,COG,2024,0.255,0.119,0.196,0.14,0.839
Republic of the Congo,COG,2025,0.243,0.115,0.188,0.107,0.841
Djibouti,DJI,2015,0.245,0.114,0.133,0.155,0.697
Djibouti,DJI,2016,0.243,0.114,0.132,0.156,0.697
Djibouti,DJI,2017,0.243,0.11,0.132,0.16,0.697
Djibouti,DJI,2018,0.25,0.113,0.134,0.172,0.7
Djibouti,DJI,2019,0.251,0.119,0.134,0.176,0.67
Djibouti,DJI,2020,0.25,0.119,0.133,0.176,0.657
Djibouti,DJI,2021,0.251,0.12,0.134,0.188,0.686
Djibouti,DJI,2022,0.25,0.119,0.144,0.189,0.686
Djibouti,DJI,2023,0.25,0.118,0.144,0.188,0.686
Djibouti,DJI,2024,0.25,0.118,0.144,0.195,0.686
Djibouti,DJI,2025,0.25,0.118,0.142,0.193,0.706
Dominican Republic,DOM,2015,0.59,0.344,0.365,0.321,0.728
Dominican Republic,DOM,2016,0.571,0.333,0.354,0.299,0.728
Dominican Republic,DOM,2017,0.559,0.328,0.347,0.294,0.736
Dominican Republic,DOM,2018,0.573,0.339,0.36,0.301,0.749
Dominican Republic,DOM,2019,0.569,0.34,0.369,0.295,0.758
Dominican Republic,DOM,2020,0.656,0.449,0.436,0.353,0.598
Dominican Republic,DOM,2021,0.694,0.484,0.469,0.395,0.584
Dominican Republic,DOM,2022,0.692,0.478,0.463,0.375,0.58
Dominican Republic,DOM,2023,0.692,0.471,0.45,0.382,0.572
Dominican Republic,DOM,2024,0.71,0.495,0.464,0.399,0.562
Dominican Republic,DOM,2025,0.735,0.505,0.475,0.405,0.588
Eritrea,ERI,2015,0.069,0.006,0.01,0.15,0.712
Eritrea,ERI,2016,0.069,0.006,0.009,0.149,0.738
Eritrea,ERI,2017,0.069,0.007,0.009,0.151,0.666
Eritrea,ERI,2018,0.068,0.007,0.009,0.12,0.696
Eritrea,ERI,2019,0.07,0.009,0.009,0.121,0.68
Eritrea,ERI,2020,0.069,0.01,0.01,0.101,0.658
Eritrea,ERI,2021,0.071,0.01,0.01,0.105,0.714
Eritrea,ERI,2022,0.071,0.012,0.01,0.131,0.705
Eritrea,ERI,2023,0.068,0.01,0.011,0.114,0.715
Eritrea,ERI,2024,0.069,0.009,0.008,0.1,0.728
Eritrea,ERI,2025,0.069,0.009,0.008,0.108,0.752
Gabon,GAB,2015,0.375,0.223,0.262,0.292,0.775
Gabon,GAB,2016,0.378,0.224,0.269,0.294,0.775
Gabon,GAB,2017,0.398,0.233,0.275,0.293,0.829
Gabon,GAB,2018,0.386,0.212,0.265,0.293,0.804
Gabon,GAB,2019,0.377,0.201,0.262,0.266,0.843
Gabon,GAB,2020,0.368,0.196,0.257,0.29,0.821
Gabon,GAB,2021,0.368,0.199,0.252,0.285,0.823
Gabon,GAB,2022,0.362,0.199,0.244,0.274,0.83
Gabon,GAB,2023,0.325,0.185,0.226,0.252,0.83
Gabon,GAB,2024,0.227,0.151,0.208,0.214,0.724
Gabon,GAB,2025,0.302,0.178,0.24,0.246,0.72
The Gambia,GMB,2015,0.244,0.106,0.14,0.177,0.581
The Gambia,GMB,2016,0.25,0.11,0.145,0.178,0.565
The Gambia,GMB,2017,0.498,0.393,0.306,0.34,0.293
The Gambia,GMB,2018,0.538,0.422,0.345,0.382,0.301
The Gambia,GMB,2019,0.524,0.421,0.335,0.377,0.356
The Gambia,GMB,2020,0.496,0.403,0.313,0.36,0.328
The Gambia,GMB,2021,0.507,0.417,0.324,0.36,0.297
The Gambia,GMB,2022,0.621,0.5,0.394,0.429,0.275
The Gambia,GMB,2023,0.635,0.516,0.406,0.453,0.26
The Gambia,GMB,2024,0.63,0.51,0.4,0.443,0.28
The Gambia,GMB,2025,0.641,0.522,0.406,0.452,0.271
Georgia,GEO,2015,0.668,0.504,0.434,0.531,0.101
Georgia,GEO,2016,0.685,0.518,0.443,0.549,0.108
Georgia,GEO,2017,0.669,0.498,0.432,0.552,0.107
Georgia,GEO,2018,0.663,0.514,0.431,0.539,0.116
Georgia,GEO,2019,0.627,0.48,0.402,0.519,0.114
Georgia,GEO,2020,0.616,0.47,0.388,0.506,0.123
Georgia,GEO,2021,0.604,0.454,0.373,0.489,0.141
Georgia,GEO,2022,0.607,0.464,0.371,0.49,0.147
Georgia,GEO,2023,0.591,0.456,0.358,0.477,0.16
Georgia,GEO,2024,0.48,0.327,0.282,0.374,0.188
Georgia,GEO,2025,0.401,0.275,0.236,0.311,0.289
Guinea-Bissau,GNB,2015,0.501,0.29,0.219,0.283,0.835
Guinea-Bissau,GNB,2016,0.5,0.289,0.218,0.282,0.852
Guinea-Bissau,GNB,2017,0.49,0.286,0.215,0.276,0.852
Guinea-Bissau,GNB,2018,0.51,0.307,0.233,0.272,0.854
Guinea-Bissau,GNB,2019,0.529,0.327,0.241,0.279,0.864
Guinea-Bissau,GNB,2020,0.533,0.328,0.243,0.288,0.837
Guinea-Bissau,GNB,2021,0.535,0.321,0.243,0.31,0.818
Guinea-Bissau,GNB,2022,0.377,0.147,0.178,0.224,0.823
Guinea-Bissau,GNB,2023,0.428,0.231,0.199,0.247,0.812
Guinea-Bissau,GNB,2024,0.279,0.14,0.136,0.184,0.747
Guinea-Bissau,GNB,2025,0.252,0.095,0.128,0.171,0.828
Jamaica,JAM,2015,0.798,0.679,0.539,0.606,0.131
Jamaica,JAM,2016,0.804,0.685,0.543,0.611,0.126
Jamaica,JAM,2017,0.811,0.696,0.554,0.633,0.126
Jamaica,JAM,2018,0.807,0.688,0.551,0.623,0.12
Jamaica,JAM,2019,0.81,0.703,0.549,0.645,0.12
Jamaica,JAM,2020,0.808,0.702,0.543,0.653,0.171
Jamaica,JAM,2021,0.801,0.691,0.526,0.655,0.175
Jamaica,JAM,2022,0.798,0.692,0.533,0.65,0.167
Jamaica,JAM,2023,0.798,0.677,0.52,0.664,0.213
Jamaica,JAM,2024,0.798,0.676,0.531,0.65,0.19
Jamaica,JAM,2025,0.805,0.679,0.524,0.658,0.207
Kazakhstan,KAZ,2015,0.234,0.11,0.073,0.178,0.843
Kazakhstan,KAZ,2016,0.242,0.114,0.077,0.182,0.843
Kazakhstan,KAZ,2017,0.235,0.112,0.069,0.184,0.855
Kazakhstan,KAZ,2018,0.232,0.108,0.073,0.176,0.858
Kazakhstan,KAZ,2019,0.236,0.113,0.074,0.18,0.849
Kazakhstan,KAZ,2020,0.241,0.117,0.079,0.193,0.826
Kazakhstan,KAZ,2021,0.253,0.121,0.091,0.192,0.84
Kazakhstan,KAZ,2022,0.265,0.134,0.11,0.206,0.707
Kazakhstan,KAZ,2023,0.269,0.139,0.124,0.204,0.727
Kazakhstan,KAZ,2024,0.267,0.133,0.123,0.205,0.729
Kazakhstan,KAZ,2025,0.259,0.131,0.107,0.204,0.736
Kyrgyzstan,KGZ,2015,0.455,0.317,0.277,0.312,0.856
Kyrgyzstan,KGZ,2016,0.447,0.303,0.269,0.308,0.856
Kyrgyzstan,KGZ,2017,0.449,0.303,0.274,0.313,0.843
Kyrgyzstan,KGZ,2018,0.467,0.327,0.274,0.325,0.832
Kyrgyzstan,KGZ,2019,0.441,0.309,0.255,0.305,0.792
Kyrgyzstan,KGZ,2020,0.385,0.255,0.227,0.274,0.813
Kyrgyzstan,KGZ,2021,0.41,0.256,0.232,0.278,0.833
Kyrgyzstan,KGZ,2022,0.38,0.237,0.2,0.269,0.826
Kyrgyzstan,KGZ,2023,0.348,0.197,0.182,0.25,0.808
Kyrgyzstan,KGZ,2024,0.321,0.185,0.174,0.241,0.793
Kyrgyzstan,KGZ,2025,0.313,0.178,0.163,0.235,0.793
Laos,LAO,2015,0.09,0.089,0.096,0.098,0.785
Laos,LAO,2016,0.093,0.088,0.097,0.098,0.785
Laos,LAO,2017,0.124,0.093,0.103,0.103,0.78
Laos,LAO,2018,0.125,0.09,0.107,0.104,0.78
Laos,LAO,2019,0.127,0.109,0.102,0.115,0.779
Laos,LAO,2020,0.126,0.094,0.109,0.126,0.755
Laos,LAO,2021,0.135,0.104,0.12,0.117,0.763
Laos,LAO,2022,0.134,0.113,0.114,0.12,0.752
Laos,LAO,2023,0.132,0.106,0.114,0.129,0.733
Laos,LAO,2024,0.135,0.117,0.113,0.125,0.752
Laos,LAO,2025,0.135,0.11,0.118,0.114,0.765
Libya,LBY,2015,0.285,0.172,0.179,0.198,0.777
Libya,LBY,2016,0.285,0.17,0.181,0.198,0.799
Libya,LBY,2017,0.273,0.167,0.167,0.182,0.776
Libya,LBY,2018,0.268,0.153,0.164,0.177,0.793
Libya,LBY,2019,0.263,0.148,0.162,0.18,0.808
Libya,LBY,2020,0.266,0.145,0.163,0.17,0.808
Libya,LBY,2021,0.216,0.129,0.156,0.137,0.83
Libya,LBY,2022,0.206,0.108,0.155,0.127,0.781
Libya,LBY,2023,0.196,0.105,0.152,0.13,0.819
Libya,LBY,2024,0.195,0.109,0.087,0.129,0.819
Libya,LBY,2025,0.193,0.098,0.087,0.123,0.811
Madagascar,MDG,2015,0.476,0.258,0.301,0.238,0.826
Madagascar,MDG,2016,0.48,0.258,0.301,0.24,0.826
Madagascar,MDG,2017,0.478,0.26,0.302,0.239,0.821
Madagascar,MDG,2018,0.481,0.268,0.297,0.232,0.752
Madagascar,MDG,2019,0.478,0.248,0.285,0.214,0.864
Madagascar,MDG,2020,0.486,0.246,0.285,0.213,0.883
Madagascar,MDG,2021,0.479,0.237,0.282,0.207,0.883
Madagascar,MDG,2022,0.477,0.237,0.28,0.206,0.883
Madagascar,MDG,2023,0.461,0.225,0.266,0.201,0.883
Madagascar,MDG,2024,0.403,0.201,0.236,0.179,0.883
Madagascar,MDG,2025,0.361,0.187,0.217,0.17,0.882
Moldova,MDA,2015,0.57,0.476,0.369,0.427,0.798
Moldova,MDA,2016,0.529,0.433,0.347,0.401,0.794
Moldova,MDA,2017,0.503,0.394,0.325,0.364,0.773
Moldova,MDA,2018,0.506,0.39,0.328,0.373,0.788
Moldova,MDA,2019,0.588,0.445,0.386,0.428,0.691
Moldova,MDA,2020,0.651,0.518,0.447,0.492,0.555
Moldova,MDA,2021,0.752,0.618,0.53,0.592,0.421
Moldova,MDA,2022,0.76,0.643,0.536,0.605,0.227
Moldova,MDA,2023,0.712,0.602,0.506,0.565,0.239
Moldova,MDA,2024,0.622,0.503,0.442,0.493,0.325
Moldova,MDA,2025,0.553,0.449,0.389,0.44,0.325
Namibia,NAM,2015,0.707,0.579,0.444,0.472,0.188
Namibia,NAM,2016,0.711,0.584,0.444,0.479,0.188
Namibia,NAM,2017,0.709,0.577,0.437,0.47,0.192
Namibia,NAM,2018,0.682,0.562,0.421,0.406,0.19
Namibia,NAM,2019,0.647,0.512,0.388,0.381,0.262
Namibia,NAM,2020,0.632,0.516,0.381,0.373,0.285
Namibia,NAM,2021,0.622,0.506,0.376,0.329,0.294
Namibia,NAM,2022,0.626,0.503,0.378,0.314,0.331
Namibia,NAM,2023,0.622,0.503,0.35,0.314,0.338
Namibia,NAM,2024,0.624,0.516,0.344,0.322,0.283
Namibia,NAM,2025,0.633,0.519,0.349,0.345,0.274
Palestine/West Bank,PSE,2015,0.244,0.162,0.166,0.228,0.333
Palestine/West Bank,PSE,2016,0.243,0.162,0.166,0.229,0.331
Palestine/West Bank,PSE,2017,0.252,0.171,0.169,0.248,0.384
Palestine/West Bank,PSE,2018,0.265,0.176,0.177,0.252,0.41
Palestine/West Bank,PSE,2019,0.272,0.19,0.186,0.256,0.437
Palestine/West Bank,PSE,2020,0.242,0.148,0.158,0.202,0.418
Palestine/West Bank,PSE,2021,0.235,0.128,0.151,0.183,0.548
Palestine/West Bank,PSE,2022,0.229,0.122,0.15,0.197,0.545
Palestine/West Bank,PSE,2023,0.229,0.124,0.14,0.198,0.547
Palestine/West Bank,PSE,2024,0.212,0.118,0.151,0.184,0.444
Palestine/West Bank,PSE,2025,0.214,0.114,0.15,0.188,0.464
Rwanda,RWA,2015,0.226,0.138,0.199,0.224,0.418
Rwanda,RWA,2016,0.226,0.128,0.197,0.205,0.428
Rwanda,RWA,2017,0.222,0.116,0.197,0.201,0.419
Rwanda,RWA,2018,0.226,0.118,0.196,0.201,0.419
Rwanda,RWA,2019,0.227,0.12,0.185,0.204,0.385
Rwanda,RWA,2020,0.227,0.12,0.175,0.205,0.385
Rwanda,RWA,2021,0.226,0.11,0.167,0.199,0.377
Rwanda,RWA,2022,0.219,0.11,0.163,0.199,0.405
Rwanda,RWA,2023,0.212,0.099,0.138,0.172,0.456
Rwanda,RWA,2024,0.201,0.091,0.133,0.164,0.418
Rwanda,RWA,2025,0.193,0.09,0.13,0.167,0.418
Somalia,SOM,2015,0.162,0.123,0.087,0.062,0.925
Somalia,SOM,2016,0.16,0.11,0.087,0.074,0.939
Somalia,SOM,2017,0.167,0.123,0.091,0.076,0.923
Somalia,SOM,2018,0.154,0.106,0.083,0.073,0.914
Somalia,SOM,2019,0.148,0.104,0.082,0.074,0.903
Somalia,SOM,2020,0.154,0.105,0.088,0.073,0.922
Somalia,SOM,2021,0.161,0.111,0.091,0.092,0.914
Somalia,SOM,2022,0.158,0.114,0.089,0.092,0.905
Somalia,SOM,2023,0.167,0.131,0.09,0.101,0.867
Somalia,SOM,2024,0.165,0.127,0.092,0.101,0.87
Somalia,SOM,2025,0.165,0.128,0.095,0.099,0.87
Sri Lanka,LKA,2015,0.55,0.397,0.36,0.361,0.515
Sri Lanka,LKA,2016,0.595,0.45,0.388,0.399,0.489
Sri Lanka,LKA,2017,0.591,0.448,0.385,0.393,0.49
Sri Lanka,LKA,2018,0.612,0.481,0.39,0.412,0.503
Sri Lanka,LKA,2019,0.564,0.439,0.349,0.399,0.503
Sri Lanka,LKA,2020,0.579,0.379,0.344,0.385,0.611
Sri Lanka,LKA,2021,0.572,0.393,0.344,0.376,0.631
Sri Lanka,LKA,2022,0.602,0.44,0.361,0.407,0.552
Sri Lanka,LKA,2023,0.585,0.426,0.361,0.401,0.551
Sri Lanka,LKA,2024,0.677,0.497,0.439,0.481,0.456
Sri Lanka,LKA,2025,0.783,0.613,0.52,0.587,0.278
Eswatini,SWZ,2015,0.131,0.097,0.121,0.093,0.493
Eswatini,SWZ,2016,0.131,0.097,0.121,0.093,0.493
Eswatini,SWZ,2017,0.132,0.099,0.122,0.096,0.453
Eswatini,SWZ,2018,0.132,0.115,0.118,0.083,0.471
Eswatini,SWZ,2019,0.133,0.114,0.115,0.078,0.471
Eswatini,SWZ,2020,0.132,0.115,0.113,0.081,0.471
Eswatini,SWZ,2021,0.12,0.095,0.107,0.075,0.547
Eswatini,SWZ,2022,0.117,0.097,0.109,0.065,0.525
Eswatini,SWZ,2023,0.121,0.099,0.11,0.067,0.54
Eswatini,SWZ,2024,0.129,0.101,0.11,0.076,0.54
Eswatini,SWZ,2025,0.128,0.097,0.11,0.077,0.554
Tajikistan,TJK,2015,0.184,0.042,0.051,0.086,0.941
Tajikistan,TJK,2016,0.174,0.039,0.054,0.075,0.928
Tajikistan,TJK,2017,0.168,0.04,0.057,0.069,0.932
Tajikistan,TJK,2018,0.164,0.044,0.052,0.07,0.904
Tajikistan,TJK,2019,0.164,0.041,0.053,0.066,0.917
Tajikistan,TJK,2020,0.17,0.041,0.058,0.068,0.875
Tajikistan,TJK,2021,0.171,0.039,0.054,0.069,0.881
Tajikistan,TJK,2022,0.164,0.036,0.055,0.066,0.882
Tajikistan,TJK,2023,0.164,0.036,0.054,0.065,0.882
Tajikistan,TJK,2024,0.168,0.041,0.055,0.07,0.882
Tajikistan,TJK,2025,0.158,0.043,0.059,0.06,0.893
Togo,TGO,2015,0.471,0.258,0.184,0.343,0.748
Togo,TGO,2016,0.472,0.26,0.184,0.347,0.748
Togo,TGO,2017,0.442,0.239,0.163,0.328,0.736
Togo,TGO,2018,0.428,0.212,0.199,0.32,0.74
Togo,TGO,2019,0.395,0.193,0.237,0.314,0.742
Togo,TGO,2020,0.424,0.233,0.259,0.333,0.741
Togo,TGO,2021,0.396,0.214,0.249,0.294,0.77
Togo,TGO,2022,0.399,0.216,0.252,0.289,0.745
Togo,TGO,2023,0.389,0.194,0.229,0.277,0.777
Togo,TGO,2024,0.35,0.167,0.207,0.256,0.773
Togo,TGO,2025,0.351,0.157,0.233,0.241,0.757
Trinidad and Tobago,TTO,2015,0.791,0.676,0.507,0.654,0.137
Trinidad and Tobago,TTO,2016,0.79,0.676,0.506,0.655,0.102
Trinidad and Tobago,TTO,2017,0.791,0.676,0.507,0.655,0.117
Trinidad and Tobago,TTO,2018,0.784,0.67,0.502,0.646,0.106
Trinidad and Tobago,TTO,2019,0.787,0.676,0.499,0.652,0.101
Trinidad and Tobago,TTO,2020,0.788,0.672,0.499,0.657,0.102
Trinidad and Tobago,TTO,2021,0.791,0.672,0.506,0.657,0.096
Trinidad and Tobago,TTO,2022,0.778,0.661,0.499,0.654,0.096
Trinidad and Tobago,TTO,2023,0.778,0.661,0.499,0.648,0.1
Trinidad and Tobago,TTO,2024,0.773,0.653,0.494,0.65,0.1
Trinidad and Tobago,TTO,2025,0.786,0.668,0.505,0.661,0.1
Turkmenistan,TKM,2015,0.143,0.024,0.031,0.085,0.929
Turkmenistan,TKM,2016,0.143,0.025,0.031,0.085,0.929
Turkmenistan,TKM,2017,0.147,0.027,0.031,0.073,0.909
Turkmenistan,TKM,2018,0.149,0.028,0.031,0.075,0.909
Turkmenistan,TKM,2019,0.149,0.035,0.032,0.08,0.91
Turkmenistan,TKM,2020,0.15,0.033,0.032,0.082,0.908
Turkmenistan,TKM,2021,0.15,0.033,0.032,0.081,0.908
Turkmenistan,TKM,2022,0.148,0.032,0.031,0.083,0.908
Turkmenistan,TKM,2023,0.148,0.034,0.03,0.086,0.891
Turkmenistan,TKM,2024,0.149,0.034,0.033,0.088,0.891
Turkmenistan,TKM,2025,0.148,0.034,0.033,0.087,0.899
Uzbekistan,UZB,2015,0.166,0.036,0.038,0.13,0.85
Uzbekistan,UZB,2016,0.169,0.037,0.038,0.133,0.852
Uzbekistan,UZB,2017,0.191,0.052,0.048,0.14,0.798
Uzbekistan,UZB,2018,0.189,0.065,0.056,0.135,0.801
Uzbekistan,UZB,2019,0.203,0.077,0.056,0.148,0.785
Uzbekistan,UZB,2020,0.206,0.083,0.063,0.157,0.778
Uzbekistan,UZB,2021,0.204,0.078,0.061,0.15,0.793
Uzbekistan,UZB,2022,0.213,0.078,0.062,0.158,0.829
Uzbekistan,UZB,2023,0.215,0.079,0.08,0.156,0.827
Uzbekistan,UZB,2024,0.214,0.074,0.08,0.15,0.835
Uzbekistan,UZB,2025,0.218,0.079,0.082,0.153,0.823
Austria,AUT,2015,0.873,0.805,0.659,0.768,0.043
Austria,AUT,2016,0.848,0.78,0.639,0.746,0.043
Austria,AUT,2017,0.851,0.782,0.642,0.749,0.049
Austria,AUT,2018,0.851,0.776,0.638,0.753,0.053
Austria,AUT,2019,0.862,0.793,0.632,0.765,0.074
Austria,AUT,2020,0.858,0.786,0.631,0.767,0.074
Austria,AUT,2021,0.854,0.784,0.617,0.754,0.105
Austria,AUT,2022,0.841,0.762,0.6,0.739,0.107
Austria,AUT,2023,0.848,0.775,0.599,0.749,0.105
Austria,AUT,2024,0.84,0.762,0.58,0.724,0.114
Austria,AUT,2025,0.839,0.757,0.582,0.723,0.095
Bahrain,BHR,2015,0.144,0.051,0.046,0.117,0.511
Bahrain,BHR,2016,0.139,0.051,0.045,0.118,0.511
Bahrain,BHR,2017,0.133,0.05,0.042,0.123,0.511
Bahrain,BHR,2018,0.13,0.052,0.041,0.119,0.507
Bahrain,BHR,2019,0.132,0.059,0.044,0.12,0.507
Bahrain,BHR,2020,0.132,0.062,0.043,0.12,0.507
Bahrain,BHR,2021,0.134,0.063,0.043,0.122,0.499
Bahrain,BHR,2022,0.135,0.064,0.053,0.121,0.499
Bahrain,BHR,2023,0.138,0.064,0.054,0.122,0.47
Bahrain,BHR,2024,0.138,0.062,0.054,0.122,0.47
Bahrain,BHR,2025,0.139,0.062,0.054,0.127,0.477
Barbados,BRB,2015,0.776,0.662,0.337,0.635,0.111
Barbados,BRB,2016,0.776,0.662,0.337,0.635,0.122
Barbados,BRB,2017,0.773,0.66,0.338,0.628,0.122
Barbados,BRB,2018,0.776,0.656,0.337,0.634,0.087
Barbados,BRB,2019,0.792,0.668,0.345,0.657,0.076
Barbados,BRB,2020,0.811,0.692,0.357,0.683,0.076
Barbados,BRB,2021,0.807,0.686,0.355,0.679,0.065
Barbados,BRB,2022,0.802,0.682,0.351,0.677,0.065
Barbados,BRB,2023,0.802,0.684,0.35,0.681,0.065
Barbados,BRB,2024,0.802,0.685,0.35,0.681,0.073
Barbados,BRB,2025,0.797,0.679,0.347,0.676,0.073
Belgium,BEL,2015,0.901,0.837,0.65,0.835,0.031
Belgium,BEL,2016,0.901,0.837,0.647,0.835,0.031
Belgium,BEL,2017,0.9,0.836,0.645,0.834,0.031
Belgium,BEL,2018,0.9,0.836,0.645,0.833,0.031
Belgium,BEL,2019,0.901,0.837,0.645,0.835,0.031
Belgium,BEL,2020,0.897,0.826,0.64,0.828,0.031
Belgium,BEL,2021,0.897,0.827,0.64,0.828,0.031
Belgium,BEL,2022,0.895,0.833,0.638,0.828,0.031
Belgium,BEL,2023,0.895,0.812,0.638,0.828,0.031
Belgium,BEL,2024,0.891,0.81,0.636,0.824,0.031
Belgium,BEL,2025,0.889,0.794,0.633,0.821,0.031
Bosnia and Herzegovina,BIH,2015,0.547,0.363,0.32,0.388,0.673
Bosnia and Herzegovina,BIH,2016,0.547,0.358,0.323,0.383,0.701
Bosnia and Herzegovina,BIH,2017,0.541,0.355,0.314,0.386,0.708
Bosnia and Herzegovina,BIH,2018,0.513,0.34,0.297,0.368,0.696
Bosnia and Herzegovina,BIH,2019,0.515,0.338,0.301,0.363,0.753
Bosnia and Herzegovina,BIH,2020,0.517,0.335,0.309,0.367,0.739
Bosnia and Herzegovina,BIH,2021,0.508,0.328,0.303,0.367,0.76
Bosnia and Herzegovina,BIH,2022,0.521,0.344,0.308,0.366,0.761
Bosnia and Herzegovina,BIH,2023,0.502,0.336,0.299,0.355,0.736
Bosnia and Herzegovina,BIH,2024,0.507,0.336,0.303,0.357,0.769
Bosnia and Herzegovina,BIH,2025,0.498,0.339,0.298,0.359,0.726
Bulgaria,BGR,2015,0.671,0.566,0.463,0.519,0.527
Bulgaria,BGR,2016,0.667,0.561,0.494,0.515,0.527
Bulgaria,BGR,2017,0.624,0.521,0.454,0.482,0.539
Bulgaria,BGR,2018,0.612,0.508,0.451,0.476,0.54
Bulgaria,BGR,2019,0.609,0.506,0.441,0.464,0.561
Bulgaria,BGR,2020,0.607,0.501,0.444,0.451,0.565
Bulgaria,BGR,2021,0.665,0.549,0.478,0.506,0.54
Bulgaria,BGR,2022,0.679,0.602,0.473,0.544,0.301
Bulgaria,BGR,2023,0.659,0.58,0.465,0.512,0.336
Bulgaria,BGR,2024,0.645,0.533,0.453,0.482,0.579
Bulgaria,BGR,2025,0.599,0.499,0.397,0.442,0.643
Comoros,COM,2015,0.395,0.24,0.267,0.278,0.727
Comoros,COM,2016,0.385,0.239,0.261,0.27,0.727
Comoros,COM,2017,0.38,0.194,0.259,0.27,0.758
Comoros,COM,2018,0.367,0.176,0.25,0.259,0.77
Comoros,COM,2019,0.305,0.129,0.209,0.239,0.801
Comoros,COM,2020,0.28,0.124,0.197,0.224,0.814
Comoros,COM,2021,0.28,0.124,0.198,0.224,0.803
Comoros,COM,2022,0.272,0.124,0.194,0.216,0.772
Comoros,COM,2023,0.264,0.118,0.19,0.217,0.809
Comoros,COM,2024,0.276,0.122,0.195,0.223,0.809
Comoros,COM,2025,0.293,0.132,0.2,0.222,0.774
Croatia,HRV,2015,0.816,0.703,0.593,0.656,0.302
Croatia,HRV,2016,0.765,0.651,0.538,0.608,0.325
Croatia,HRV,2017,0.739,0.623,0.517,0.58,0.342
Croatia,HRV,2018,0.729,0.615,0.513,0.588,0.357
Croatia,HRV,2019,0.734,0.617,0.514,0.582,0.293
Croatia,HRV,2020,0.756,0.647,0.525,0.6,0.293
Croatia,HRV,2021,0.747,0.641,0.507,0.592,0.285
Croatia,HRV,2022,0.724,0.636,0.495,0.552,0.247
Croatia,HRV,2023,0.725,0.628,0.49,0.562,0.252
Croatia,HRV,2024,0.71,0.607,0.478,0.556,0.254
Croatia,HRV,2025,0.686,0.593,0.459,0.543,0.254
Cuba,CUB,2015,0.168,0.057,0.045,0.237,0.612
Cuba,CUB,2016,0.169,0.055,0.044,0.233,0.583
Cuba,CUB,2017,0.168,0.058,0.044,0.233,0.631
Cuba,CUB,2018,0.177,0.061,0.05,0.233,0.616
Cuba,CUB,2019,0.181,0.062,0.057,0.246,0.616
Cuba,CUB,2020,0.178,0.06,0.055,0.247,0.616
Cuba,CUB,2021,0.178,0.056,0.055,0.247,0.616
Cuba,CUB,2022,0.178,0.056,0.055,0.238,0.62
Cuba,CUB,2023,0.175,0.055,0.054,0.234,0.631
Cuba,CUB,2024,0.178,0.056,0.055,0.238,0.631
Cuba,CUB,2025,0.176,0.057,0.054,0.224,0.641
Cyprus,CYP,2015,0.851,0.737,0.577,0.738,0.142
Cyprus,CYP,2016,0.851,0.739,0.58,0.743,0.14
Cyprus,CYP,2017,0.84,0.731,0.567,0.731,0.147
Cyprus,CYP,2018,0.836,0.722,0.56,0.73,0.147
Cyprus,CYP,2019,0.84,0.71,0.56,0.739,0.154
Cyprus,CYP,2020,0.807,0.691,0.531,0.704,0.199
Cyprus,CYP,2021,0.795,0.653,0.522,0.693,0.199
Cyprus,CYP,2022,0.779,0.645,0.501,0.675,0.199
Cyprus,CYP,2023,0.777,0.643,0.498,0.674,0.196
Cyprus,CYP,2024,0.777,0.653,0.492,0.687,0.161
Cyprus,CYP,2025,0.773,0.664,0.49,0.684,0.166
Czechia,CZE,2015,0.852,0.766,0.568,0.769,0.222
Czechia,CZE,2016,0.852,0.763,0.566,0.772,0.222
Czechia,CZE,2017,0.833,0.726,0.563,0.74,0.21
Czechia,CZE,2018,0.81,0.708,0.535,0.719,0.2
Czechia,CZE,2019,0.8,0.699,0.525,0.707,0.225
Czechia,CZE,2020,0.806,0.709,0.526,0.716,0.217
Czechia,CZE,2021,0.789,0.698,0.522,0.704,0.164
Czechia,CZE,2022,0.854,0.784,0.559,0.769,0.158
Czechia,CZE,2023,0.863,0.796,0.569,0.779,0.132
Czechia,CZE,2024,0.865,0.811,0.574,0.783,0.095
Czechia,CZE,2025,0.849,0.794,0.562,0.767,0.171
Denmark,DNK,2015,0.921,0.894,0.71,0.884,0.002
Denmark,DNK,2016,0.918,0.892,0.707,0.882,0.002
Denmark,DNK,2017,0.918,0.891,0.707,0.875,0.002
Denmark,DNK,2018,0.918,0.89,0.707,0.881,0.002
Denmark,DNK,2019,0.916,0.886,0.704,0.878,0.002
Denmark,DNK,2020,0.915,0.882,0.701,0.876,0.002
Denmark,DNK,2021,0.915,0.882,0.694,0.877,0.002
Denmark,DNK,2022,0.915,0.887,0.702,0.878,0.002
Denmark,DNK,2023,0.917,0.884,0.704,0.88,0.003
Denmark,DNK,2024,0.917,0.885,0.704,0.88,0.004
Denmark,DNK,2025,0.913,0.884,0.7,0.876,0.004
Equatorial Guinea,GNQ,2015,0.178,0.05,0.057,0.103,0.855
Equatorial Guinea,GNQ,2016,0.18,0.051,0.056,0.106,0.855
Equatorial Guinea,GNQ,2017,0.174,0.049,0.054,0.106,0.855
Equatorial Guinea,GNQ,2018,0.177,0.052,0.053,0.106,0.855
Equatorial Guinea,GNQ,2019,0.178,0.051,0.052,0.116,0.855
Equatorial Guinea,GNQ,2020,0.175,0.051,0.054,0.114,0.855
Equatorial Guinea,GNQ,2021,0.172,0.051,0.051,0.111,0.855
Equatorial Guinea,GNQ,2022,0.173,0.049,0.05,0.106,0.855
Equatorial Guinea,GNQ,2023,0.183,0.054,0.051,0.113,0.863
Equatorial Guinea,GNQ,2024,0.176,0.049,0.047,0.11,0.837
Equatorial Guinea,GNQ,2025,0.172,0.047,0.041,0.108,0.858
Estonia,EST,2015,0.894,0.845,0.633,0.795,0.027
Estonia,EST,2016,0.907,0.859,0.648,0.817,0.027
Estonia,EST,2017,0.907,0.861,0.644,0.816,0.027
Estonia,EST,2018,0.906,0.863,0.649,0.817,0.03
Estonia,EST,2019,0.898,0.848,0.638,0.81,0.031
Estonia,EST,2020,0.897,0.842,0.635,0.813,0.031
Estonia,EST,2021,0.9,0.853,0.639,0.816,0.031
Estonia,EST,2022,0.896,0.853,0.63,0.811,0.031
Estonia,EST,2023,0.893,0.845,0.625,0.806,0.031
Estonia,EST,2024,0.893,0.848,0.625,0.805,0.025
Estonia,EST,2025,0.887,0.837,0.621,0.81,0.025
Fiji,FJI,2015,0.385,0.27,0.19,0.289,0.247
Fiji,FJI,2016,0.397,0.275,0.194,0.296,0.248
Fiji,FJI,2017,0.4,0.283,0.201,0.294,0.247
Fiji,FJI,2018,0.403,0.28,0.196,0.299,0.252
Fiji,FJI,2019,0.391,0.264,0.181,0.287,0.274
Fiji,FJI,2020,0.411,0.276,0.198,0.304,0.293
Fiji,FJI,2021,0.4,0.269,0.201,0.279,0.331
Fiji,FJI,2022,0.398,0.263,0.212,0.27,0.357
Fiji,FJI,2023,0.509,0.411,0.265,0.351,0.289
Fiji,FJI,2024,0.514,0.41,0.268,0.377,0.289
Fiji,FJI,2025,0.507,0.398,0.265,0.37,0.289
Finland,FIN,2015,0.869,0.827,0.61,0.808,0.012
Finland,FIN,2016,0.869,0.827,0.609,0.808,0.012
Finland,FIN,2017,0.873,0.836,0.615,0.806,0.012
Finland,FIN,2018,0.884,0.849,0.625,0.812,0.018
Finland,FIN,2019,0.881,0.842,0.624,0.805,0.01
Finland,FIN,2020,0.88,0.844,0.624,0.802,0.011
Finland,FIN,2021,0.871,0.835,0.617,0.784,0.011
Finland,FIN,2022,0.869,0.827,0.615,0.784,0.011
Finland,FIN,2023,0.853,0.812,0.595,0.767,0.015
Finland,FIN,2024,0.827,0.782,0.582,0.703,0.023
Finland,FIN,2025,0.852,0.808,0.597,0.707,0.031
Greece,GRC,2015,0.88,0.785,0.642,0.784,0.145
Greece,GRC,2016,0.872,0.776,0.636,0.778,0.145
Greece,GRC,2017,0.868,0.775,0.632,0.779,0.148
Greece,GRC,2018,0.859,0.767,0.625,0.748,0.166
Greece,GRC,2019,0.864,0.763,0.628,0.739,0.173
Greece,GRC,2020,0.788,0.669,0.559,0.671,0.209
Greece,GRC,2021,0.76,0.63,0.528,0.644,0.172
Greece,GRC,2022,0.762,0.607,0.529,0.649,0.245
Greece,GRC,2023,0.735,0.573,0.508,0.624,0.24
Greece,GRC,2024,0.744,0.565,0.51,0.647,0.237
Greece,GRC,2025,0.741,0.568,0.493,0.64,0.276
Guyana,GUY,2015,0.65,0.444,0.402,0.463,0.416
Guyana,GUY,2016,0.657,0.456,0.41,0.466,0.392
Guyana,GUY,2017,0.66,0.457,0.41,0.485,0.394
Guyana,GUY,2018,0.664,0.45,0.407,0.493,0.384
Guyana,GUY,2019,0.64,0.426,0.384,0.473,0.415
Guyana,GUY,2020,0.555,0.386,0.336,0.409,0.476
Guyana,GUY,2021,0.498,0.335,0.292,0.366,0.464
Guyana,GUY,2022,0.491,0.329,0.289,0.357,0.464
Guyana,GUY,2023,0.484,0.313,0.281,0.362,0.507
Guyana,GUY,2024,0.491,0.314,0.283,0.366,0.507
Guyana,GUY,2025,0.515,0.328,0.283,0.38,0.507
Hong Kong,HKG,2015,0.345,0.303,0.128,0.303,0.088
Hong Kong,HKG,2016,0.333,0.294,0.124,0.296,0.088
Hong Kong,HKG,2017,0.325,0.289,0.122,0.293,0.077
Hong Kong,HKG,2018,0.318,0.281,0.116,0.29,0.075
Hong Kong,HKG,2019,0.3,0.267,0.11,0.282,0.075
Hong Kong,HKG,2020,0.255,0.204,0.087,0.247,0.078
Hong Kong,HKG,2021,0.205,0.168,0.063,0.23,0.082
Hong Kong,HKG,2022,0.16,0.149,0.051,0.215,0.084
Hong Kong,HKG,2023,0.149,0.139,0.048,0.21,0.084
Hong Kong,HKG,2024,0.158,0.142,0.052,0.213,0.09
Hong Kong,HKG,2025,0.151,0.142,0.049,0.219,0.085
Iceland,ISL,2015,0.861,0.777,0.638,0.794,0.012
Iceland,ISL,2016,0.86,0.776,0.637,0.796,0.012
Iceland,ISL,2017,0.861,0.779,0.636,0.794,0.012
Iceland,ISL,2018,0.875,0.793,0.649,0.811,0.012
Iceland,ISL,2019,0.859,0.784,0.638,0.782,0.012
Iceland,ISL,2020,0.859,0.784,0.635,0.782,0.012
Iceland,ISL,2021,0.836,0.745,0.612,0.757,0.023
Iceland,ISL,2022,0.832,0.742,0.607,0.752,0.023
Iceland,ISL,2023,0.841,0.751,0.602,0.755,0.023
Iceland,ISL,2024,0.842,0.757,0.605,0.764,0.023
Iceland,ISL,2025,0.807,0.72,0.565,0.728,0.014
Israel,ISR,2015,0.733,0.654,0.469,0.596,0.107
Israel,ISR,2016,0.729,0.646,0.467,0.591,0.11
Israel,ISR,2017,0.714,0.632,0.454,0.569,0.11
Israel,ISR,2018,0.705,0.626,0.447,0.562,0.115
Israel,ISR,2019,0.708,0.623,0.451,0.562,0.124
Israel,ISR,2020,0.723,0.639,0.456,0.579,0.109
Israel,ISR,2021,0.722,0.639,0.473,0.579,0.1
Israel,ISR,2022,0.714,0.64,0.465,0.571,0.105
Israel,ISR,2023,0.704,0.616,0.462,0.558,0.118
Israel,ISR,2024,0.702,0.597,0.461,0.559,0.111
Israel,ISR,2025,0.694,0.588,0.455,0.549,0.107
Kuwait,KWT,2015,0.311,0.278,0.108,0.244,0.521
Kuwait,KWT,2016,0.311,0.281,0.108,0.244,0.521
Kuwait,KWT,2017,0.326,0.288,0.099,0.25,0.5
Kuwait,KWT,2018,0.32,0.286,0.093,0.245,0.5
Kuwait,KWT,2019,0.323,0.288,0.103,0.247,0.46
Kuwait,KWT,2020,0.317,0.282,0.101,0.246,0.462
Kuwait,KWT,2021,0.301,0.274,0.087,0.233,0.462
Kuwait,KWT,2022,0.298,0.281,0.098,0.228,0.315
Kuwait,KWT,2023,0.314,0.294,0.102,0.232,0.315
Kuwait,KWT,2024,0.198,0.179,0.065,0.198,0.315
Kuwait,KWT,2025,0.138,0.127,0.053,0.171,0.346
Lithuania,LTU,2015,0.836,0.78,0.639,0.747,0.147
Lithuania,LTU,2016,0.825,0.772,0.626,0.737,0.136
Lithuania,LTU,2017,0.808,0.753,0.61,0.7,0.128
Lithuania,LTU,2018,0.818,0.754,0.62,0.706,0.155
Lithuania,LTU,2019,0.817,0.756,0.632,0.709,0.123
Lithuania,LTU,2020,0.802,0.745,0.609,0.697,0.116
Lithuania,LTU,2021,0.793,0.732,0.592,0.689,0.111
Lithuania,LTU,2022,0.793,0.734,0.585,0.686,0.101
Lithuania,LTU,2023,0.785,0.724,0.574,0.683,0.12
Lithuania,LTU,2024,0.798,0.732,0.578,0.696,0.169
Lithuania,LTU,2025,0.786,0.712,0.56,0.686,0.159
Luxembourg,LUX,2015,0.874,0.793,0.632,0.823,0.026
Luxembourg,LUX,2016,0.874,0.793,0.632,0.823,0.026
Luxembourg,LUX,2017,0.874,0.793,0.632,0.823,0.026
Luxembourg,LUX,2018,0.874,0.793,0.631,0.822,0.026
Luxembourg,LUX,2019,0.872,0.788,0.629,0.819,0.026
Luxembourg,LUX,2020,0.872,0.786,0.617,0.806,0.026
Luxembourg,LUX,2021,0.872,0.785,0.614,0.811,0.026
Luxembourg,LUX,2022,0.872,0.788,0.572,0.811,0.026
Luxembourg,LUX,2023,0.871,0.789,0.567,0.807,0.026
Luxembourg,LUX,2024,0.869,0.781,0.561,0.803,0.029
Luxembourg,LUX,2025,0.869,0.777,0.556,0.81,0.025
North Macedonia,MKD,2015,0.44,0.27,0.299,0.309,0.719
North Macedonia,MKD,2016,0.449,0.279,0.293,0.314,0.723
North Macedonia,MKD,2017,0.548,0.376,0.361,0.376,0.539
North Macedonia,MKD,2018,0.575,0.386,0.394,0.399,0.616
North Macedonia,MKD,2019,0.602,0.411,0.411,0.409,0.642
North Macedonia,MKD,2020,0.598,0.4,0.407,0.407,0.666
North Macedonia,MKD,2021,0.592,0.389,0.399,0.397,0.726
North Macedonia,MKD,2022,0.56,0.373,0.374,0.369,0.725
North Macedonia,MKD,2023,0.562,0.363,0.374,0.373,0.753
North Macedonia,MKD,2024,0.557,0.37,0.361,0.368,0.754
North Macedonia,MKD,2025,0.562,0.374,0.354,0.373,0.753
Malaysia,MYS,2015,0.325,0.204,0.232,0.227,0.574
Malaysia,MYS,2016,0.328,0.202,0.233,0.227,0.574
Malaysia,MYS,2017,0.333,0.206,0.227,0.232,0.505
Malaysia,MYS,2018,0.444,0.319,0.279,0.334,0.271
Malaysia,MYS,2019,0.47,0.338,0.293,0.348,0.295
Malaysia,MYS,2020,0.425,0.307,0.271,0.324,0.418
Malaysia,MYS,2021,0.432,0.3,0.272,0.326,0.418
Malaysia,MYS,2022,0.459,0.316,0.273,0.343,0.368
Malaysia,MYS,2023,0.508,0.362,0.306,0.384,0.322
Malaysia,MYS,2024,0.513,0.359,0.309,0.376,0.322
Malaysia,MYS,2025,0.504,0.355,0.303,0.38,0.322
Malta,MLT,2015,0.778,0.584,0.574,0.678,0.214
Malta,MLT,2016,0.777,0.572,0.571,0.676,0.253
Malta,MLT,2017,0.761,0.558,0.557,0.663,0.253
Malta,MLT,2018,0.754,0.552,0.551,0.657,0.253
Malta,MLT,2019,0.767,0.569,0.563,0.661,0.261
Malta,MLT,2020,0.767,0.605,0.546,0.676,0.186
Malta,MLT,2021,0.77,0.605,0.547,0.679,0.186
Malta,MLT,2022,0.78,0.617,0.552,0.694,0.186
Malta,MLT,2023,0.783,0.623,0.547,0.693,0.186
Malta,MLT,2024,0.783,0.621,0.538,0.694,0.186
Malta,MLT,2025,0.783,0.621,0.529,0.694,0.186
Mauritius,MUS,2015,0.737,0.627,0.465,0.601,0.458
Mauritius,MUS,2016,0.731,0.62,0.461,0.594,0.458
Mauritius,MUS,2017,0.732,0.622,0.47,0.599,0.49
Mauritius,MUS,2018,0.739,0.631,0.471,0.598,0.499
Mauritius,MUS,2019,0.694,0.595,0.443,0.567,0.489
Mauritius,MUS,2020,0.549,0.451,0.346,0.435,0.49
Mauritius,MUS,2021,0.532,0.423,0.335,0.413,0.49
Mauritius,MUS,2022,0.501,0.373,0.319,0.389,0.491
Mauritius,MUS,2023,0.47,0.353,0.302,0.367,0.499
Mauritius,MUS,2024,0.495,0.371,0.316,0.382,0.455
Mauritius,MUS,2025,0.738,0.639,0.481,0.576,0.356
Montenegro,MNE,2015,0.484,0.387,0.32,0.396,0.525
Montenegro,MNE,2016,0.484,0.383,0.319,0.395,0.525
Montenegro,MNE,2017,0.474,0.375,0.315,0.387,0.525
Montenegro,MNE,2018,0.482,0.378,0.312,0.395,0.534
Montenegro,MNE,2019,0.483,0.376,0.316,0.39,0.539
Montenegro,MNE,2020,0.5,0.395,0.32,0.424,0.5
Montenegro,MNE,2021,0.534,0.432,0.32,0.443,0.487
Montenegro,MNE,2022,0.532,0.429,0.319,0.44,0.491
Montenegro,MNE,2023,0.61,0.491,0.382,0.492,0.479
Montenegro,MNE,2024,0.64,0.5,0.405,0.512,0.475
Montenegro,MNE,2025,0.636,0.5,0.403,0.501,0.43
New Zealand,NZL,2015,0.883,0.828,0.687,0.778,0.009
New Zealand,NZL,2016,0.883,0.828,0.686,0.778,0.009
New Zealand,NZL,2017,0.879,0.822,0.692,0.778,0.009
New Zealand,NZL,2018,0.888,0.833,0.695,0.787,0.009
New Zealand,NZL,2019,0.885,0.831,0.687,0.784,0.009
New Zealand,NZL,2020,0.882,0.826,0.681,0.775,0.009
New Zealand,NZL,2021,0.874,0.813,0.672,0.765,0.008
New Zealand,NZL,2022,0.878,0.822,0.666,0.767,0.008
New Zealand,NZL,2023,0.88,0.824,0.662,0.761,0.008
New Zealand,NZL,2024,0.868,0.811,0.618,0.745,0.011
New Zealand,NZL,2025,0.849,0.787,0.581,0.726,0.014
Norway,NOR,2015,0.904,0.871,0.653,0.861,0.006
Norway,NOR,2016,0.891,0.859,0.642,0.845,0.006
Norway,NOR,2017,0.888,0.855,0.64,0.842,0.009
Norway,NOR,2018,0.883,0.847,0.636,0.842,0.008
Norway,NOR,2019,0.889,0.852,0.633,0.851,0.008
Norway,NOR,2020,0.888,0.84,0.635,0.844,0.01
Norway,NOR,2021,0.892,0.843,0.638,0.846,0.01
Norway,NOR,2022,0.892,0.842,0.638,0.845,0.01
Norway,NOR,2023,0.89,0.841,0.637,0.843,0.01
Norway,NOR,2024,0.889,0.847,0.637,0.843,0.01
Norway,NOR,2025,0.89,0.847,0.638,0.844,0.01
Oman,OMN,2015,0.172,0.141,0.123,0.18,0.255
Oman,OMN,2016,0.175,0.141,0.124,0.181,0.255
Oman,OMN,2017,0.176,0.14,0.124,0.185,0.255
Oman,OMN,2018,0.176,0.141,0.125,0.185,0.255
Oman,OMN,2019,0.176,0.141,0.126,0.184,0.25
Oman,OMN,2020,0.174,0.137,0.119,0.182,0.25
Oman,OMN,2021,0.174,0.14,0.125,0.183,0.25
Oman,OMN,2022,0.172,0.138,0.125,0.18,0.253
Oman,OMN,2023,0.172,0.139,0.123,0.175,0.253
Oman,OMN,2024,0.175,0.139,0.125,0.174,0.253
Oman,OMN,2025,0.175,0.14,0.12,0.174,0.253
Paraguay,PRY,2015,0.593,0.416,0.374,0.236,0.837
Paraguay,PRY,2016,0.589,0.414,0.372,0.234,0.837
Paraguay,PRY,2017,0.596,0.418,0.372,0.244,0.832
Paraguay,PRY,2018,0.583,0.417,0.361,0.237,0.786
Paraguay,PRY,2019,0.585,0.42,0.363,0.242,0.791
Paraguay,PRY,2020,0.578,0.42,0.354,0.242,0.765
Paraguay,PRY,2021,0.578,0.427,0.353,0.248,0.766
Paraguay,PRY,2022,0.578,0.43,0.352,0.242,0.775
Paraguay,PRY,2023,0.576,0.42,0.347,0.24,0.775
Paraguay,PRY,2024,0.581,0.39,0.343,0.252,0.801
Paraguay,PRY,2025,0.581,0.376,0.342,0.241,0.801
Romania,ROU,2015,0.716,0.609,0.501,0.554,0.439
Romania,ROU,2016,0.733,0.63,0.506,0.569,0.352
Romania,ROU,2017,0.695,0.532,0.452,0.516,0.461
Romania,ROU,2018,0.692,0.483,0.479,0.511,0.499
Romania,ROU,2019,0.75,0.555,0.557,0.552,0.384
Romania,ROU,2020,0.805,0.676,0.605,0.601,0.347
Romania,ROU,2021,0.766,0.611,0.58,0.541,0.295
Romania,ROU,2022,0.691,0.542,0.502,0.482,0.32
Romania,ROU,2023,0.677,0.503,0.473,0.482,0.327
Romania,ROU,2024,0.628,0.449,0.422,0.442,0.389
Romania,ROU,2025,0.605,0.464,0.416,0.424,0.419
Sao Tome and Principe,STP,2015,0.664,0.554,0.409,0.465,0.3
Sao Tome and Principe,STP,2016,0.658,0.548,0.403,0.461,0.3
Sao Tome and Principe,STP,2017,0.647,0.537,0.402,0.454,0.295
Sao Tome and Principe,STP,2018,0.65,0.531,0.405,0.454,0.298
Sao Tome and Principe,STP,2019,0.67,0.556,0.421,0.463,0.266
Sao Tome and Principe,STP,2020,0.66,0.557,0.415,0.463,0.289
Sao Tome and Principe,STP,2021,0.657,0.554,0.411,0.463,0.289
Sao Tome and Principe,STP,2022,0.65,0.542,0.408,0.455,0.289
Sao Tome and Principe,STP,2023,0.644,0.54,0.403,0.451,0.285
Sao Tome and Principe,STP,2024,0.632,0.519,0.392,0.448,0.285
Sao Tome and Principe,STP,2025,0.632,0.519,0.391,0.448,0.289
Saudi Arabia,SAU,2015,0.016,0.046,0.029,0.101,0.469
Saudi Arabia,SAU,2016,0.016,0.044,0.025,0.103,0.469
Saudi Arabia,SAU,2017,0.014,0.043,0.025,0.108,0.469
Saudi Arabia,SAU,2018,0.015,0.042,0.025,0.105,0.447
Saudi Arabia,SAU,2019,0.015,0.045,0.022,0.11,0.404
Saudi Arabia,SAU,2020,0.014,0.045,0.022,0.106,0.39
Saudi Arabia,SAU,2021,0.015,0.045,0.023,0.108,0.38
Saudi Arabia,SAU,2022,0.015,0.046,0.028,0.106,0.326
Saudi Arabia,SAU,2023,0.014,0.045,0.024,0.114,0.326
Saudi Arabia,SAU,2024,0.015,0.047,0.024,0.113,0.326
Saudi Arabia,SAU,2025,0.016,0.047,0.026,0.113,0.326
Serbia,SRB,2015,0.422,0.341,0.281,0.338,0.654
Serbia,SRB,2016,0.411,0.321,0.276,0.329,0.709
Serbia,SRB,2017,0.376,0.29,0.249,0.306,0.694
Serbia,SRB,2018,0.354,0.283,0.233,0.305,0.67
Serbia,SRB,2019,0.365,0.28,0.245,0.317,0.636
Serbia,SRB,2020,0.349,0.244,0.232,0.306,0.671
Serbia,SRB,2021,0.336,0.236,0.226,0.296,0.722
Serbia,SRB,2022,0.357,0.259,0.243,0.316,0.694
Serbia,SRB,2023,0.36,0.248,0.242,0.31,0.686
Serbia,SRB,2024,0.315,0.225,0.223,0.283,0.76
Serbia,SRB,2025,0.3,0.208,0.217,0.276,0.794
Seychelles,SYC,2015,0.518,0.427,0.208,0.417,0.207
Seychelles,SYC,2016,0.585,0.491,0.237,0.467,0.206
Seychelles,SYC,2017,0.599,0.509,0.243,0.481,0.155
Seychelles,SYC,2018,0.605,0.524,0.246,0.49,0.155
Seychelles,SYC,2019,0.621,0.535,0.267,0.5,0.155
Seychelles,SYC,2020,0.666,0.575,0.281,0.535,0.076
Seychelles,SYC,2021,0.711,0.634,0.306,0.573,0.076
Seychelles,SYC,2022,0.735,0.648,0.321,0.61,0.066
Seychelles,SYC,2023,0.728,0.641,0.317,0.605,0.047
Seychelles,SYC,2024,0.737,0.652,0.322,0.612,0.047
Seychelles,SYC,2025,0.76,0.68,0.341,0.632,0.054
Singapore,SGP,2015,0.416,0.331,0.11,0.367,0.01
Singapore,SGP,2016,0.424,0.337,0.113,0.372,0.01
Singapore,SGP,2017,0.425,0.345,0.119,0.352,0.01
Singapore,SGP,2018,0.409,0.336,0.115,0.349,0.01
Singapore,SGP,2019,0.403,0.33,0.113,0.343,0.01
Singapore,SGP,2020,0.402,0.332,0.107,0.349,0.008
Singapore,SGP,2021,0.395,0.329,0.112,0.347,0.008
Singapore,SGP,2022,0.395,0.328,0.111,0.347,0.008
Singapore,SGP,2023,0.405,0.334,0.111,0.353,0.013
Singapore,SGP,2024,0.418,0.348,0.116,0.36,0.032
Singapore,SGP,2025,0.434,0.36,0.121,0.37,0.013
Slovakia,SVK,2015,0.838,0.725,0.635,0.671,0.289
Slovakia,SVK,2016,0.837,0.726,0.63,0.668,0.286
Slovakia,SVK,2017,0.835,0.72,0.618,0.663,0.285
Slovakia,SVK,2018,0.814,0.698,0.599,0.644,0.285
Slovakia,SVK,2019,0.841,0.737,0.619,0.668,0.287
Slovakia,SVK,2020,0.84,0.757,0.614,0.658,0.211
Slovakia,SVK,2021,0.839,0.757,0.607,0.672,0.208
Slovakia,SVK,2022,0.837,0.76,0.599,0.679,0.208
Slovakia,SVK,2023,0.812,0.724,0.592,0.653,0.196
Slovakia,SVK,2024,0.746,0.59,0.521,0.582,0.278
Slovakia,SVK,2025,0.733,0.573,0.508,0.566,0.29
Slovenia,SVN,2015,0.873,0.804,0.689,0.788,0.098
Slovenia,SVN,2016,0.861,0.795,0.657,0.776,0.074
Slovenia,SVN,2017,0.84,0.772,0.622,0.748,0.076
Slovenia,SVN,2018,0.83,0.759,0.61,0.738,0.09
Slovenia,SVN,2019,0.814,0.743,0.6,0.718,0.094
Slovenia,SVN,2020,0.752,0.665,0.532,0.621,0.136
Slovenia,SVN,2021,0.715,0.624,0.502,0.59,0.184
Slovenia,SVN,2022,0.808,0.728,0.582,0.705,0.095
Slovenia,SVN,2023,0.76,0.659,0.559,0.665,0.057
Slovenia,SVN,2024,0.725,0.63,0.549,0.635,0.057
Slovenia,SVN,2025,0.692,0.589,0.506,0.604,0.078
Solomon Islands,SLB,2015,0.594,0.456,0.353,0.347,0.613
Solomon Islands,SLB,2016,0.61,0.466,0.362,0.357,0.622
Solomon Islands,SLB,2017,0.616,0.477,0.365,0.367,0.629
Solomon Islands,SLB,2018,0.623,0.48,0.369,0.368,0.629
Solomon Islands,SLB,2019,0.656,0.503,0.403,0.388,0.622
Solomon Islands,SLB,2020,0.655,0.494,0.405,0.393,0.646
Solomon Islands,SLB,2021,0.658,0.501,0.405,0.392,0.64
Solomon Islands,SLB,2022,0.659,0.505,0.406,0.404,0.635
Solomon Islands,SLB,2023,0.666,0.517,0.411,0.423,0.635
Solomon Islands,SLB,2024,0.688,0.536,0.424,0.433,0.602
Solomon Islands,SLB,2025,0.696,0.539,0.429,0.439,0.602
Vanuatu,VUT,2015,0.747,0.639,0.451,0.605,0.427
Vanuatu,VUT,2016,0.771,0.661,0.467,0.625,0.427
Vanuatu,VUT,2017,0.793,0.682,0.478,0.628,0.397
Vanuatu,VUT,2018,0.79,0.68,0.478,0.633,0.397
Vanuatu,VUT,2019,0.779,0.662,0.469,0.614,0.391
Vanuatu,VUT,2020,0.78,0.659,0.476,0.604,0.352
Vanuatu,VUT,2021,0.8,0.673,0.489,0.61,0.332
Vanuatu,VUT,2022,0.804,0.681,0.492,0.624,0.316
Vanuatu,VUT,2023,0.82,0.704,0.503,0.655,0.316
Vanuatu,VUT,2024,0.8,0.686,0.514,0.623,0.279
Vanuatu,VUT,2025,0.729,0.623,0.323,0.565,0.332
United Arab Emirates,ARE,2015,0.095,0.09,0.03,0.134,0.115
United Arab Emirates,ARE,2016,0.1,0.091,0.03,0.135,0.115
United Arab Emirates,ARE,2017,0.095,0.091,0.028,0.135,0.115
United Arab Emirates,ARE,2018,0.096,0.093,0.028,0.134,0.115
United Arab Emirates,ARE,2019,0.102,0.09,0.027,0.133,0.115
United Arab Emirates,ARE,2020,0.102,0.09,0.037,0.132,0.115
United Arab Emirates,ARE,2021,0.1,0.084,0.03,0.128,0.108
United Arab Emirates,ARE,2022,0.101,0.086,0.03,0.13,0.117
United Arab Emirates,ARE,2023,0.102,0.077,0.03,0.127,0.122
United Arab Emirates,ARE,2024,0.104,0.077,0.031,0.126,0.105
United Arab Emirates,ARE,2025,0.104,0.077,0.031,0.124,0.105
Hungary,HUN,2015,0.617,0.477,0.404,0.467,0.451
Hungary,HUN,2016,0.613,0.474,0.418,0.461,0.453
Hungary,HUN,2017,0.555,0.432,0.379,0.422,0.465
Hungary,HUN,2018,0.481,0.373,0.326,0.344,0.468
Hungary,HUN,2019,0.466,0.364,0.317,0.335,0.468
Hungary,HUN,2020,0.46,0.351,0.313,0.325,0.48
Hungary,HUN,2021,0.45,0.346,0.301,0.322,0.475
Hungary,HUN,2022,0.447,0.335,0.299,0.317,0.505
Hungary,HUN,2023,0.434,0.323,0.283,0.308,0.505
Hungary,HUN,2024,0.444,0.325,0.278,0.313,0.494
Hungary,HUN,2025,0.421,0.315,0.268,0.296,0.488
